HomeValue,AwayValue,HomePtsSeas,AwayPtsSeas,HomePtsLast,AwayPtsLast,HomePtsHome,AwayPtsAway,HomeGoalsSeas,AwayGoalsSeas,HomeGoalsLast,AwayGoalsLast,HomeGoalsHome,AwayGoalsAway,HomeGoalsExpected,AwayGoalsExpected,HomeGoalsConcSeas,AwayGoalsConcSeas,HomeGoalsConcLast,AwayGoalsConcLast,HomeGoalsConcHome,AwayGoalsConcAway,HomeGoalsExpectedConc,AwayGoalsExpectedConc,HomeGoalsExpectedVsTeam,AwayGoalsExpectedVsTeam,HomeTotalShots,AwayTotalShots,HomeShotsTarget,AwayShotsTarget,HomeTotalShotsAgst,AwayTotalShotsAgst,HomeShotsTargetAgst,AwayShotsTargetAgst,HomeTotalShotsVsTeam,AwayTotalShotsVsTeam,HomeShotsTargetVsTeam,AwayShotsTargetVsTeam,HomePossession,AwayPossession,HomeExpectedWin,AwayExpectedWin,HomeTrend,AwayTrend,HomeWeightedPoints,AwayWeightedPoints,ChanceCreationHome,ChanceCreationAway,ShotsAccuracyHome,ShotsAccuracyAway,ScoringRateHome,ScoringRateAway,KeeperStrengthHome,KeeperStrengthAway,Round,Winner,Over2.5
0.0176,0.0899,0.15,0.18,0.2,0.13,0.2,0.13,0.1,0.2,0.1,0.13,0.17,0.2,0.12,0.18,0.08,0.18,0.07,0.27,0.1,0.33,0.08,0.26,0.19,0.13,0.12,0.17,0.04,0.06,0.13,0.07,0.04,0.03,0.1,0.15,0.03,0.05,0.42,0.61,0.35,0.36,-0.01,0.01,0.0292,0.0595,0.035,0.036,0.03,0.027,0.039,0.031,0.152,0.041,0.06,D,FALSE
0.0435,0.0082,0.12,0.15,0.1,0.17,0.2,0.17,0.07,0.1,0.07,0.07,0.1,0.17,0.08,0.11,0.18,0.08,0.27,0.03,0.13,0.13,0.19,0.08,0.08,0.15,0.09,0.1,0.03,0.03,0.14,0.15,0.05,0.04,0.12,0.12,0.04,0.04,0.46,0.44,0.37,0.33,0.01,0,0.0326,0.0842,0.048,0.044,0.029,0.029,0.049,0.035,0.078,0.181,0.06,A,FALSE
0.0559,0.0061,0.17,0.12,0.23,0.2,0.3,0.03,0.15,0.08,0.17,0.17,0.3,0.03,0.21,0.09,0.13,0.12,0,0.1,0.1,0.13,0.08,0.12,0.16,0.09,0.16,0.1,0.06,0.03,0.11,0.14,0.04,0.05,0.15,0.11,0.06,0.04,0.62,0.44,0.37,0.38,0.01,0.01,0.0447,0.0168,0.04,0.044,0.025,0.032,0.042,0.037,0.084,0.122,0.06,H,FALSE
0.0874,0.1006,0.22,0.27,0.23,0.3,0.13,0.3,0.2,0.35,0.2,0.53,0.13,0.33,0.18,0.41,0.08,0.03,0.03,0,0.1,0.03,0.07,0.02,0.1,0.24,0.16,0.17,0.06,0.07,0.1,0.06,0.03,0.02,0.11,0.14,0.04,0.05,0.56,0.72,0.37,0.49,0.01,0.04,0.097,0.0824,0.035,0.042,0.028,0.025,0.029,0.019,0.12,0.185,0.06,A,FALSE
0.0286,0.0147,0.07,0.08,0.13,0.03,0.15,0.17,0.1,0.05,0.13,0.03,0.2,0.07,0.14,0.05,0.22,0.12,0.1,0.1,0.15,0,0.16,0.07,0.11,0.1,0.1,0.09,0.04,0.03,0.15,0.14,0.05,0.05,0.12,0.12,0.04,0.04,0.45,0.45,0.45,0.26,-0.01,-0.01,0.0043,0.0291,0.046,0.051,0.028,0.031,0.035,0.057,0.068,0.121,0.06,H,FALSE
0.0105,0.0165,0.13,0.18,0.03,0.2,0.17,0.3,0.07,0.15,0.03,0.13,0.07,0.2,0.06,0.16,0.1,0.17,0.17,0.23,0.03,0.03,0.1,0.14,0.1,0.13,0.1,0.12,0.03,0.04,0.14,0.11,0.04,0.04,0.1,0.13,0.04,0.04,0.4,0.5,0.44,0.27,-0.01,0.01,0.0196,0.0448,0.041,0.043,0.033,0.032,0.045,0.024,0.136,0.065,0.06,D,TRUE
0.0152,0.0266,0.08,0.13,0.03,0.1,0.13,0.2,0.08,0.07,0.1,0.03,0.1,0.05,0.09,0.05,0.17,0.08,0.27,0.1,0.2,0,0.21,0.06,0.08,0.13,0.1,0.12,0.03,0.04,0.15,0.13,0.06,0.05,0.12,0.14,0.04,0.05,0.41,0.52,0.36,0.35,-0.02,-0.01,0.044,0.0284,0.041,0.044,0.029,0.031,0.042,0.057,0.091,0.156,0.06,H,TRUE
0.0855,0.0215,0.27,0,0.23,0,0.3,0,0.28,0,0.23,0,0.33,0,0.28,0,0.03,0.22,0.07,0.23,0,0.23,0.03,0.23,0.26,0.02,0.13,0.12,0.05,0.04,0.11,0.12,0.04,0.05,0.13,0.12,0.05,0.04,0.55,0.45,0.37,0.54,0.02,-0.05,0.0759,0,0.041,0.036,0.029,0.032,0.017,0,0.348,0.057,0.06,H,TRUE
0.0164,0.0333,0.05,0.07,0.1,0.03,0.1,0.03,0.07,0.15,0.1,0.13,0.1,0.13,0.09,0.14,0.18,0.2,0.2,0.2,0.17,0.23,0.18,0.21,0.15,0.16,0.12,0.11,0.04,0.04,0.14,0.13,0.05,0.04,0.13,0.13,0.04,0.04,0.48,0.48,0.38,0.27,-0.01,-0.01,0.0031,0.0039,0.039,0.042,0.029,0.028,0.062,0.027,0.079,0.064,0.06,D,FALSE
0.0051,0.0834,0.15,0.18,0.07,0.23,0.17,0.3,0.08,0.17,0.03,0.2,0.07,0.27,0.06,0.21,0.05,0.08,0.1,0.07,0.03,0.07,0.06,0.07,0.07,0.14,0.1,0.16,0.03,0.06,0.12,0.09,0.04,0.03,0.09,0.14,0.03,0.05,0.46,0.62,0.4,0.38,0,0.01,0.0309,0.0487,0.048,0.038,0.033,0.029,0.035,0.034,0.231,0.113,0.06,A,TRUE
0.0266,0.0176,0.11,0.14,0.1,0.13,0.1,0.1,0.07,0.1,0.07,0.1,0.08,0.03,0.07,0.08,0.1,0.09,0.1,0.1,0.12,0.07,0.11,0.08,0.08,0.09,0.12,0.12,0.04,0.04,0.13,0.13,0.05,0.04,0.12,0.12,0.04,0.04,0.52,0.42,0.35,0.35,-0.02,0,0.0243,0.0379,0.044,0.035,0.031,0.03,0.054,0.039,0.13,0.146,0.07,D,TRUE
0.0061,0.0435,0.1,0.1,0.1,0.1,0.2,0.03,0.07,0.06,0.07,0.07,0.13,0.03,0.09,0.05,0.13,0.17,0.13,0.2,0.1,0.23,0.12,0.2,0.15,0.09,0.1,0.09,0.03,0.03,0.14,0.14,0.05,0.05,0.12,0.12,0.04,0.04,0.44,0.46,0.38,0.37,-0.01,-0.01,0.0144,0.0279,0.044,0.048,0.032,0.029,0.043,0.057,0.11,0.083,0.07,D,FALSE
0.0165,0.0559,0.17,0.19,0.13,0.23,0.07,0.03,0.16,0.16,0.13,0.13,0.1,0,0.13,0.1,0.17,0.11,0.3,0,0.3,0.17,0.26,0.09,0.11,0.18,0.12,0.16,0.04,0.06,0.11,0.11,0.04,0.04,0.11,0.13,0.04,0.05,0.5,0.62,0.27,0.37,0,0.02,0.0399,0.0409,0.043,0.04,0.032,0.025,0.023,0.04,0.064,0.098,0.07,H,TRUE
0.0834,0.0164,0.2,0.06,0.23,0.13,0.07,0,0.2,0.06,0.23,0.1,0.07,0.03,0.17,0.06,0.07,0.16,0.07,0.1,0.1,0.2,0.08,0.15,0.16,0.07,0.16,0.12,0.06,0.04,0.09,0.14,0.03,0.05,0.15,0.11,0.05,0.04,0.62,0.48,0.38,0.38,0.02,0,0.0439,0.0074,0.038,0.039,0.029,0.029,0.028,0.073,0.132,0.092,0.07,H,FALSE
0.0147,0.0051,0.07,0.13,0.03,0.07,0,0.13,0.04,0.07,0.03,0.03,0.03,0.1,0.04,0.07,0.11,0.1,0.1,0.17,0.23,0.07,0.15,0.11,0.07,0.11,0.09,0.1,0.03,0.03,0.14,0.12,0.05,0.04,0.1,0.12,0.04,0.04,0.45,0.46,0.26,0.4,-0.02,-0.01,0.0249,0.0265,0.051,0.048,0.031,0.033,0.067,0.04,0.124,0.116,0.07,H,FALSE
0.1006,0.0152,0.27,0.11,0.3,0.1,0.23,0.03,0.31,0.1,0.4,0.1,0.37,0.07,0.36,0.09,0.03,0.16,0,0.23,0.03,0.13,0.02,0.17,0.27,0.05,0.17,0.1,0.07,0.03,0.06,0.15,0.02,0.06,0.16,0.08,0.06,0.03,0.72,0.41,0.49,0.36,0.05,0.01,0.1081,0.0491,0.042,0.041,0.025,0.029,0.022,0.035,0.211,0.097,0.07,H,TRUE
0.0215,0.0874,0,0.19,0,0.13,0,0.3,0,0.17,0,0.13,0,0.27,0,0.19,0.24,0.09,0.33,0.03,0.2,0.07,0.26,0.06,0.03,0.22,0.12,0.16,0.04,0.06,0.12,0.1,0.05,0.03,0.11,0.14,0.04,0.05,0.45,0.56,0.54,0.37,-0.06,-0.01,0,0.0832,0.036,0.035,0.032,0.028,0,0.034,0.051,0.115,0.07,H,TRUE
0.0082,0.0286,0.17,0.1,0.17,0.13,0.13,0.02,0.1,0.1,0.07,0.1,0.03,0.05,0.07,0.08,0.07,0.19,0.03,0.1,0.03,0.25,0.05,0.18,0.12,0.06,0.1,0.1,0.03,0.04,0.15,0.15,0.04,0.05,0.12,0.12,0.04,0.04,0.44,0.45,0.33,0.45,0.01,0.01,0.0908,0.01,0.044,0.046,0.029,0.028,0.035,0.035,0.211,0.08,0.07,D,FALSE
0.0899,0.0855,0.17,0.27,0.17,0.3,0.23,0.23,0.19,0.3,0.17,0.3,0.2,0.23,0.18,0.28,0.17,0.03,0.13,0,0.03,0.07,0.11,0.03,0.11,0.2,0.17,0.13,0.06,0.05,0.07,0.11,0.03,0.04,0.14,0.1,0.05,0.04,0.61,0.55,0.36,0.37,0,0.03,0.0535,0.0743,0.036,0.041,0.027,0.029,0.033,0.016,0.043,0.396,0.07,D,FALSE
0.0333,0.0105,0.07,0.13,0.07,0.07,0.1,0.1,0.13,0.09,0.1,0.07,0.17,0.07,0.13,0.07,0.17,0.11,0.13,0.13,0.17,0.17,0.16,0.14,0.14,0.12,0.11,0.1,0.04,0.03,0.13,0.14,0.04,0.04,0.12,0.11,0.04,0.04,0.48,0.4,0.27,0.44,0,0,0.0057,0.0192,0.042,0.041,0.028,0.033,0.031,0.035,0.075,0.119,0.07,D,FALSE
0.0834,0.0899,0.21,0.16,0.3,0.17,0.12,0.12,0.19,0.16,0.27,0.13,0.08,0.18,0.18,0.16,0.06,0.15,0.07,0.1,0.08,0.28,0.07,0.18,0.18,0.11,0.16,0.17,0.06,0.06,0.09,0.07,0.03,0.03,0.12,0.13,0.04,0.05,0.62,0.61,0.38,0.36,0.03,0,0.0446,0.0575,0.038,0.036,0.029,0.027,0.03,0.038,0.151,0.049,0.08,H,TRUE
0.0435,0.0559,0.1,0.16,0.13,0.2,0.15,0.02,0.06,0.15,0.1,0.17,0.08,0.02,0.08,0.11,0.16,0.12,0.1,0.07,0.12,0.18,0.13,0.12,0.1,0.12,0.09,0.16,0.03,0.06,0.14,0.11,0.05,0.04,0.1,0.15,0.04,0.06,0.46,0.62,0.37,0.37,0,-0.01,0.0252,0.0358,0.048,0.04,0.029,0.025,0.053,0.042,0.088,0.089,0.08,A,TRUE
0.0266,0.0105,0.11,0.12,0.03,0.07,0.1,0.1,0.09,0.09,0.1,0.1,0.1,0.08,0.1,0.09,0.11,0.11,0.17,0.17,0.14,0.15,0.14,0.14,0.12,0.11,0.12,0.1,0.04,0.03,0.13,0.14,0.05,0.04,0.13,0.11,0.04,0.04,0.52,0.4,0.35,0.44,0,0,0.0235,0.0209,0.044,0.041,0.031,0.033,0.043,0.034,0.116,0.121,0.08,H,FALSE
0.0147,0.0333,0.1,0.08,0.1,0.07,0.08,0.05,0.06,0.12,0.1,0.1,0.08,0.1,0.08,0.11,0.1,0.16,0.1,0.13,0.18,0.18,0.12,0.16,0.12,0.12,0.09,0.11,0.03,0.04,0.14,0.13,0.05,0.04,0.11,0.13,0.04,0.05,0.45,0.48,0.26,0.27,0.01,0,0.0237,0.0063,0.051,0.042,0.031,0.028,0.046,0.032,0.142,0.079,0.08,A,TRUE
0.0152,0.0164,0.1,0.05,0.1,0.03,0.18,0,0.11,0.05,0.13,0.03,0.12,0.02,0.12,0.04,0.22,0.15,0.4,0.1,0.18,0.18,0.27,0.14,0.13,0.15,0.1,0.12,0.03,0.04,0.15,0.14,0.06,0.05,0.12,0.14,0.04,0.05,0.41,0.48,0.36,0.38,-0.01,-0.01,0.0429,0.0064,0.041,0.039,0.029,0.029,0.031,0.083,0.068,0.096,0.08,A,TRUE
0.0176,0.0215,0.14,0.04,0.07,0.1,0.18,0,0.11,0.02,0.1,0.07,0.15,0,0.12,0.03,0.1,0.22,0.13,0.33,0.1,0.28,0.11,0.28,0.2,0.07,0.12,0.12,0.04,0.04,0.13,0.12,0.04,0.05,0.12,0.13,0.04,0.04,0.42,0.45,0.35,0.54,0,0.01,0.0365,0.0328,0.035,0.036,0.03,0.032,0.035,0.154,0.126,0.055,0.08,H,FALSE
0.1006,0.0082,0.28,0.16,0.3,0.17,0.25,0.2,0.36,0.1,0.43,0.07,0.45,0.15,0.41,0.11,0.05,0.08,0.07,0.03,0.08,0.1,0.06,0.07,0.24,0.08,0.17,0.1,0.07,0.03,0.06,0.15,0.02,0.04,0.16,0.08,0.06,0.03,0.72,0.44,0.49,0.33,0.06,0,0.1003,0.083,0.042,0.044,0.025,0.029,0.019,0.035,0.122,0.2,0.08,H,TRUE
0.0051,0.0855,0.11,0.25,0.03,0.23,0.12,0.2,0.06,0.26,0,0.17,0.05,0.18,0.04,0.2,0.11,0.02,0.2,0,0.12,0.05,0.15,0.02,0.03,0.17,0.1,0.13,0.03,0.05,0.12,0.11,0.04,0.04,0.1,0.13,0.03,0.04,0.46,0.55,0.4,0.37,-0.02,0,0.0232,0.0762,0.048,0.041,0.033,0.029,0.046,0.018,0.103,0.459,0.08,H,TRUE
0.0874,0.0165,0.16,0.19,0.1,0.23,0.1,0.25,0.16,0.16,0.17,0.2,0.1,0.2,0.14,0.19,0.1,0.16,0.1,0.13,0.1,0.08,0.1,0.12,0.13,0.14,0.16,0.12,0.06,0.04,0.1,0.11,0.03,0.04,0.13,0.11,0.05,0.03,0.56,0.5,0.37,0.27,-0.02,0.01,0.0728,0.0559,0.035,0.043,0.028,0.032,0.036,0.022,0.099,0.067,0.08,H,TRUE
0.0286,0.0061,0.1,0.1,0.13,0.13,0.2,0.02,0.1,0.08,0.13,0.07,0.17,0.02,0.13,0.06,0.18,0.12,0.13,0.1,0.1,0.15,0.14,0.12,0.13,0.1,0.1,0.1,0.04,0.03,0.15,0.14,0.05,0.05,0.12,0.12,0.04,0.04,0.45,0.44,0.45,0.38,0,0,0.0098,0.018,0.046,0.044,0.028,0.032,0.035,0.041,0.085,0.114,0.08,A,TRUE
0.0082,0.0176,0.14,0.16,0.13,0.17,0.12,0.1,0.09,0.11,0.07,0.13,0.05,0.08,0.07,0.11,0.1,0.09,0.13,0.1,0.05,0.1,0.09,0.1,0.08,0.1,0.1,0.12,0.03,0.04,0.15,0.13,0.04,0.04,0.11,0.13,0.04,0.04,0.44,0.42,0.33,0.35,-0.01,0.01,0.0738,0.0396,0.044,0.035,0.029,0.03,0.039,0.035,0.15,0.141,0.09,H,FALSE
0.0333,0.0435,0.1,0.09,0.17,0.03,0.1,0.05,0.13,0.08,0.1,0.1,0.15,0.05,0.13,0.08,0.16,0.2,0.07,0.23,0.15,0.2,0.12,0.21,0.17,0.1,0.11,0.09,0.04,0.03,0.13,0.14,0.04,0.05,0.13,0.11,0.04,0.04,0.48,0.46,0.27,0.37,0.01,-0.01,0.0105,0.0224,0.042,0.048,0.028,0.029,0.03,0.042,0.082,0.071,0.09,H,FALSE
0.0061,0.0266,0.12,0.13,0.13,0.13,0.18,0.13,0.1,0.09,0.13,0.13,0.12,0.07,0.12,0.1,0.11,0.1,0.1,0.13,0.1,0.07,0.1,0.1,0.11,0.1,0.1,0.12,0.03,0.04,0.14,0.13,0.05,0.05,0.11,0.13,0.04,0.04,0.44,0.52,0.38,0.35,0.01,0.01,0.0256,0.0244,0.044,0.044,0.032,0.031,0.031,0.043,0.128,0.13,0.09,D,FALSE
0.0164,0.0874,0.08,0.18,0.13,0.1,0.1,0.22,0.07,0.19,0.07,0.17,0.08,0.22,0.07,0.19,0.14,0.11,0.07,0.17,0.12,0.1,0.11,0.13,0.1,0.15,0.12,0.16,0.04,0.06,0.14,0.1,0.05,0.03,0.11,0.15,0.04,0.05,0.48,0.56,0.38,0.37,0.01,0.01,0.0108,0.0702,0.039,0.035,0.029,0.028,0.062,0.031,0.1,0.089,0.09,A,FALSE
0.0105,0.1006,0.11,0.28,0.07,0.3,0.15,0.3,0.08,0.36,0.1,0.37,0.1,0.28,0.09,0.33,0.11,0.04,0.13,0.07,0.08,0.02,0.11,0.05,0.07,0.22,0.1,0.17,0.03,0.07,0.14,0.06,0.04,0.02,0.08,0.15,0.03,0.06,0.4,0.72,0.44,0.49,-0.01,0.07,0.0186,0.0919,0.041,0.042,0.033,0.025,0.038,0.019,0.122,0.139,0.09,A,TRUE
0.0165,0.0152,0.17,0.09,0.13,0.1,0.12,0.02,0.17,0.11,0.2,0.17,0.12,0.1,0.16,0.13,0.19,0.22,0.23,0.33,0.25,0.28,0.22,0.28,0.22,0.18,0.12,0.1,0.04,0.03,0.11,0.15,0.04,0.06,0.13,0.1,0.05,0.04,0.5,0.41,0.27,0.36,-0.01,-0.02,0.0497,0.0382,0.043,0.041,0.032,0.029,0.021,0.031,0.058,0.069,0.09,A,FALSE
0.0899,0.0051,0.14,0.13,0.07,0.1,0.2,0.1,0.16,0.08,0.07,0.07,0.15,0.08,0.12,0.07,0.18,0.11,0.17,0.23,0.02,0.1,0.12,0.15,0.14,0.1,0.17,0.1,0.06,0.03,0.07,0.12,0.03,0.04,0.14,0.08,0.05,0.03,0.61,0.46,0.36,0.4,-0.01,0.01,0.0511,0.0491,0.036,0.048,0.027,0.033,0.039,0.037,0.042,0.104,0.09,H,TRUE
0.0215,0.0286,0.03,0.09,0.1,0.13,0.08,0.04,0.02,0.09,0.07,0.07,0.05,0.06,0.05,0.07,0.21,0.19,0.2,0.13,0.18,0.22,0.2,0.18,0.11,0.13,0.12,0.1,0.04,0.04,0.12,0.15,0.05,0.05,0.14,0.11,0.04,0.04,0.45,0.45,0.54,0.45,-0.01,-0.01,0.0291,0.0087,0.036,0.046,0.032,0.028,0.175,0.039,0.059,0.078,0.09,D,TRUE
0.0559,0.0147,0.18,0.09,0.2,0.1,0.3,0.12,0.19,0.07,0.27,0.1,0.28,0.05,0.24,0.07,0.13,0.11,0.13,0.1,0.08,0.02,0.11,0.08,0.16,0.09,0.16,0.09,0.06,0.03,0.11,0.14,0.04,0.05,0.15,0.1,0.06,0.03,0.62,0.45,0.37,0.26,0.01,-0.01,0.0463,0.0211,0.04,0.051,0.025,0.031,0.033,0.043,0.084,0.128,0.09,H,TRUE
0.0855,0.0834,0.22,0.22,0.13,0.3,0.3,0.3,0.24,0.21,0.17,0.3,0.35,0.3,0.25,0.27,0.04,0.07,0.07,0.03,0,0.05,0.04,0.05,0.15,0.15,0.13,0.16,0.05,0.06,0.11,0.09,0.04,0.03,0.11,0.14,0.04,0.05,0.55,0.62,0.37,0.38,-0.01,0.04,0.0677,0.0696,0.041,0.038,0.029,0.029,0.019,0.027,0.261,0.14,0.09,H,FALSE
0.0435,0.0165,0.08,0.15,0.03,0.1,0.12,0.2,0.07,0.15,0.1,0.13,0.1,0.2,0.09,0.16,0.2,0.18,0.27,0.2,0.2,0.14,0.22,0.17,0.13,0.19,0.09,0.12,0.03,0.04,0.14,0.11,0.05,0.04,0.1,0.13,0.04,0.04,0.46,0.5,0.37,0.27,-0.02,-0.02,0.0202,0.0447,0.048,0.043,0.029,0.032,0.047,0.024,0.071,0.06,0.1,H,TRUE
0.0874,0.0855,0.19,0.23,0.2,0.13,0.14,0.16,0.18,0.23,0.2,0.07,0.16,0.16,0.18,0.15,0.1,0.04,0.13,0.07,0.12,0.08,0.12,0.06,0.12,0.14,0.16,0.13,0.06,0.05,0.1,0.11,0.03,0.04,0.14,0.12,0.05,0.04,0.56,0.55,0.37,0.37,0.02,0.01,0.0681,0.086,0.035,0.041,0.028,0.029,0.032,0.02,0.099,0.287,0.1,H,FALSE
0.1006,0.0559,0.28,0.19,0.3,0.2,0.26,0.08,0.35,0.19,0.43,0.27,0.42,0.12,0.4,0.19,0.06,0.13,0.13,0.17,0.06,0.18,0.08,0.16,0.28,0.14,0.17,0.16,0.07,0.06,0.06,0.11,0.02,0.04,0.14,0.11,0.05,0.04,0.72,0.62,0.49,0.37,0.08,0.02,0.0859,0.0461,0.042,0.04,0.025,0.025,0.019,0.033,0.102,0.086,0.1,H,TRUE
0.0834,0.0215,0.2,0.04,0.2,0.13,0.16,0,0.19,0.04,0.17,0.13,0.14,0,0.17,0.06,0.07,0.21,0.07,0.13,0.08,0.24,0.07,0.19,0.18,0.06,0.16,0.12,0.06,0.04,0.09,0.12,0.03,0.05,0.14,0.11,0.05,0.04,0.62,0.45,0.38,0.54,-0.01,0,0.0626,0.0291,0.038,0.036,0.029,0.032,0.03,0.096,0.134,0.059,0.1,H,FALSE
0.0286,0.0899,0.09,0.16,0.07,0.13,0.15,0.1,0.1,0.17,0.1,0.13,0.12,0.16,0.11,0.15,0.19,0.16,0.2,0.13,0.15,0.3,0.18,0.2,0.15,0.17,0.1,0.17,0.04,0.06,0.15,0.07,0.05,0.03,0.09,0.16,0.03,0.06,0.45,0.61,0.45,0.36,0,0.01,0.01,0.0475,0.046,0.036,0.028,0.027,0.035,0.036,0.078,0.046,0.1,A,TRUE
0.0147,0.0061,0.08,0.12,0.1,0.17,0.06,0.08,0.07,0.1,0.13,0.17,0.08,0.08,0.09,0.12,0.12,0.11,0.13,0.07,0.18,0.12,0.14,0.1,0.1,0.13,0.09,0.1,0.03,0.03,0.14,0.14,0.05,0.05,0.12,0.12,0.04,0.04,0.45,0.44,0.26,0.38,-0.02,0,0.019,0.0257,0.051,0.044,0.031,0.032,0.041,0.031,0.118,0.129,0.1,A,FALSE
0.0266,0.0082,0.13,0.16,0.17,0.13,0.13,0.16,0.09,0.09,0.13,0.07,0.1,0.12,0.11,0.09,0.1,0.09,0.1,0.13,0.12,0.14,0.11,0.12,0.11,0.1,0.12,0.1,0.04,0.03,0.13,0.15,0.05,0.04,0.13,0.11,0.04,0.04,0.52,0.44,0.35,0.33,0,0.01,0.0225,0.0717,0.044,0.044,0.031,0.029,0.042,0.038,0.13,0.167,0.1,A,FALSE
0.0176,0.0164,0.14,0.07,0.13,0.1,0.2,0.06,0.1,0.06,0.1,0.07,0.14,0.06,0.11,0.06,0.09,0.14,0.1,0.1,0.08,0.16,0.09,0.13,0.12,0.08,0.12,0.12,0.04,0.04,0.13,0.14,0.04,0.05,0.13,0.12,0.04,0.04,0.42,0.48,0.35,0.38,-0.01,-0.01,0.0356,0.0097,0.035,0.039,0.03,0.029,0.039,0.069,0.14,0.103,0.1,A,FALSE
0.0051,0.0105,0.12,0.1,0.1,0.03,0.16,0.08,0.07,0.09,0.07,0.1,0.08,0.06,0.07,0.08,0.13,0.13,0.2,0.17,0.12,0.14,0.15,0.15,0.11,0.12,0.1,0.1,0.03,0.03,0.12,0.14,0.04,0.04,0.12,0.11,0.04,0.04,0.46,0.4,0.4,0.44,-0.01,-0.02,0.0442,0.0167,0.048,0.041,0.033,0.033,0.041,0.033,0.089,0.104,0.1,H,FALSE
0.0152,0.0333,0.11,0.12,0.1,0.23,0.14,0.1,0.11,0.14,0.13,0.17,0.12,0.12,0.12,0.14,0.2,0.14,0.3,0.07,0.18,0.16,0.23,0.12,0.12,0.18,0.1,0.11,0.03,0.04,0.15,0.13,0.06,0.04,0.11,0.13,0.04,0.05,0.41,0.48,0.36,0.27,0.01,0.02,0.0393,0.0225,0.041,0.042,0.029,0.028,0.032,0.029,0.076,0.092,0.1,D,TRUE
0.0061,0.0152,0.14,0.11,0.23,0.13,0.16,0.08,0.1,0.12,0.17,0.13,0.12,0.1,0.13,0.12,0.1,0.2,0.03,0.13,0.1,0.22,0.08,0.18,0.16,0.1,0.1,0.1,0.03,0.03,0.14,0.15,0.05,0.06,0.13,0.12,0.04,0.04,0.44,0.41,0.38,0.36,0.01,0,0.0273,0.0388,0.044,0.041,0.032,0.029,0.031,0.029,0.142,0.076,0.11,D,TRUE
0.0165,0.0286,0.14,0.08,0,0.03,0.1,0.05,0.16,0.1,0.13,0.1,0.1,0.08,0.13,0.09,0.19,0.21,0.27,0.3,0.22,0.22,0.23,0.24,0.19,0.16,0.12,0.1,0.04,0.04,0.11,0.15,0.04,0.05,0.13,0.1,0.04,0.04,0.5,0.45,0.27,0.45,-0.03,-0.01,0.0407,0.0091,0.043,0.046,0.032,0.028,0.023,0.035,0.057,0.071,0.11,H,FALSE
0.0855,0.0176,0.21,0.13,0.1,0.1,0.3,0.08,0.21,0.09,0.07,0.03,0.3,0.06,0.19,0.06,0.04,0.09,0.1,0.07,0,0.1,0.05,0.09,0.14,0.05,0.13,0.12,0.05,0.04,0.11,0.13,0.04,0.04,0.13,0.12,0.04,0.04,0.55,0.42,0.37,0.35,-0.01,-0.02,0.0782,0.0324,0.041,0.035,0.029,0.03,0.022,0.043,0.255,0.138,0.11,H,TRUE
0.0105,0.0874,0.09,0.2,0,0.3,0.12,0.24,0.08,0.17,0.07,0.2,0.12,0.2,0.09,0.19,0.13,0.09,0.17,0.07,0.12,0.08,0.14,0.08,0.08,0.16,0.1,0.16,0.03,0.06,0.14,0.1,0.04,0.03,0.1,0.15,0.03,0.05,0.4,0.56,0.44,0.37,-0.03,0.03,0.0152,0.0852,0.041,0.035,0.033,0.028,0.037,0.033,0.107,0.109,0.11,A,TRUE
0.0899,0.0266,0.17,0.12,0.2,0.13,0.22,0.12,0.19,0.08,0.27,0.07,0.18,0.08,0.21,0.07,0.16,0.1,0.17,0.07,0.02,0.08,0.11,0.08,0.15,0.09,0.17,0.12,0.06,0.04,0.07,0.13,0.03,0.05,0.15,0.1,0.05,0.03,0.61,0.52,0.36,0.35,0.02,-0.01,0.051,0.0205,0.036,0.044,0.027,0.031,0.032,0.047,0.048,0.13,0.11,H,TRUE
0.0333,0.1006,0.12,0.28,0.23,0.3,0.14,0.3,0.14,0.34,0.2,0.3,0.16,0.28,0.17,0.31,0.14,0.06,0.1,0.1,0.12,0.06,0.12,0.07,0.12,0.22,0.11,0.17,0.04,0.07,0.13,0.06,0.04,0.02,0.09,0.15,0.03,0.06,0.48,0.72,0.27,0.49,0,0.09,0.0218,0.0933,0.042,0.042,0.028,0.025,0.028,0.02,0.088,0.095,0.11,A,FALSE
0.0215,0.0435,0.04,0.1,0.03,0.1,0.08,0.04,0.04,0.09,0.07,0.17,0.08,0.04,0.06,0.1,0.2,0.2,0.13,0.3,0.18,0.2,0.17,0.23,0.15,0.14,0.12,0.09,0.04,0.03,0.12,0.14,0.05,0.05,0.13,0.11,0.04,0.04,0.45,0.46,0.54,0.37,-0.01,0.01,0.0264,0.0228,0.036,0.048,0.032,0.029,0.107,0.036,0.062,0.071,0.11,D,TRUE
0.0082,0.0147,0.17,0.07,0.2,0,0.16,0.1,0.09,0.06,0.07,0.07,0.06,0.06,0.07,0.06,0.08,0.12,0.1,0.17,0.04,0.06,0.07,0.12,0.09,0.07,0.1,0.09,0.03,0.03,0.15,0.14,0.04,0.05,0.12,0.12,0.04,0.04,0.44,0.45,0.33,0.26,0.02,-0.03,0.0724,0.0173,0.044,0.051,0.029,0.031,0.038,0.045,0.183,0.12,0.11,H,FALSE
0.0164,0.0051,0.09,0.14,0.2,0.2,0.08,0.08,0.06,0.07,0.1,0.1,0.06,0.06,0.07,0.08,0.13,0.12,0.07,0.13,0.12,0.14,0.1,0.13,0.1,0.09,0.12,0.1,0.04,0.03,0.14,0.12,0.05,0.04,0.12,0.12,0.04,0.04,0.48,0.46,0.38,0.4,0.01,0.01,0.0136,0.043,0.039,0.048,0.029,0.033,0.065,0.039,0.114,0.098,0.11,H,TRUE
0.0559,0.0834,0.17,0.21,0.2,0.2,0.3,0.24,0.18,0.18,0.27,0.17,0.26,0.24,0.24,0.2,0.14,0.06,0.2,0.07,0.08,0.06,0.14,0.06,0.15,0.17,0.16,0.16,0.06,0.06,0.11,0.09,0.04,0.03,0.12,0.14,0.05,0.05,0.62,0.62,0.37,0.38,-0.01,0.01,0.0419,0.0628,0.04,0.038,0.025,0.029,0.035,0.031,0.077,0.146,0.11,H,FALSE
0.0051,0.1006,0.12,0.28,0.1,0.3,0.18,0.3,0.07,0.33,0.03,0.27,0.08,0.27,0.06,0.29,0.14,0.06,0.23,0.1,0.1,0.05,0.16,0.07,0.07,0.22,0.1,0.17,0.03,0.07,0.12,0.06,0.04,0.02,0.08,0.14,0.03,0.06,0.46,0.72,0.4,0.49,-0.01,0.1,0.0394,0.0938,0.048,0.042,0.033,0.025,0.043,0.02,0.081,0.105,0.12,A,TRUE
0.0082,0.0559,0.18,0.18,0.3,0.2,0.18,0.07,0.1,0.18,0.13,0.17,0.08,0.12,0.11,0.16,0.08,0.13,0,0.13,0.03,0.2,0.04,0.16,0.13,0.1,0.1,0.16,0.03,0.06,0.15,0.11,0.04,0.04,0.11,0.15,0.04,0.05,0.44,0.62,0.33,0.37,0.03,0.01,0.0701,0.0593,0.044,0.04,0.029,0.025,0.035,0.035,0.2,0.084,0.12,A,FALSE
0.0266,0.0435,0.11,0.1,0.03,0.13,0.11,0.05,0.08,0.1,0.03,0.17,0.09,0.07,0.06,0.11,0.12,0.2,0.17,0.2,0.11,0.2,0.13,0.2,0.13,0.12,0.12,0.09,0.04,0.03,0.13,0.14,0.05,0.05,0.13,0.11,0.04,0.04,0.52,0.46,0.35,0.37,-0.02,0,0.0188,0.0227,0.044,0.048,0.031,0.029,0.051,0.033,0.111,0.071,0.12,H,TRUE
0.0899,0.0874,0.18,0.21,0.3,0.3,0.23,0.25,0.2,0.19,0.33,0.2,0.2,0.23,0.24,0.21,0.14,0.08,0.03,0,0.02,0.07,0.06,0.05,0.15,0.14,0.17,0.16,0.06,0.06,0.07,0.1,0.03,0.03,0.13,0.12,0.05,0.04,0.61,0.56,0.36,0.37,0.03,0.04,0.0534,0.0807,0.036,0.035,0.027,0.028,0.031,0.03,0.052,0.12,0.12,D,FALSE
0.0834,0.0105,0.19,0.08,0.1,0,0.18,0.07,0.17,0.08,0.03,0.07,0.13,0.05,0.11,0.06,0.08,0.15,0.1,0.27,0.07,0.13,0.08,0.18,0.15,0.07,0.16,0.1,0.06,0.03,0.09,0.14,0.03,0.04,0.15,0.1,0.05,0.03,0.62,0.4,0.38,0.44,-0.01,-0.04,0.0576,0.014,0.038,0.041,0.029,0.033,0.034,0.04,0.125,0.091,0.12,D,FALSE
0.0147,0.0164,0.07,0.11,0,0.2,0.05,0.1,0.06,0.09,0.03,0.17,0.07,0.07,0.05,0.11,0.12,0.12,0.17,0.03,0.17,0.13,0.15,0.09,0.07,0.13,0.09,0.12,0.03,0.04,0.14,0.14,0.05,0.05,0.12,0.13,0.04,0.05,0.45,0.48,0.26,0.38,-0.04,0.02,0.0158,0.0138,0.051,0.039,0.031,0.029,0.049,0.045,0.113,0.123,0.12,D,FALSE
0.0176,0.0165,0.12,0.15,0,0.1,0.17,0.17,0.09,0.16,0.03,0.13,0.12,0.2,0.08,0.16,0.12,0.18,0.2,0.13,0.08,0.17,0.13,0.16,0.12,0.15,0.12,0.12,0.04,0.04,0.13,0.11,0.04,0.04,0.11,0.12,0.04,0.04,0.42,0.5,0.35,0.27,-0.03,0.01,0.0297,0.0444,0.035,0.043,0.03,0.032,0.043,0.023,0.108,0.062,0.12,A,TRUE
0.0855,0.0061,0.22,0.13,0.2,0.17,0.3,0.12,0.22,0.11,0.17,0.13,0.32,0.08,0.24,0.11,0.05,0.11,0.07,0.1,0.02,0.1,0.04,0.1,0.17,0.08,0.13,0.1,0.05,0.03,0.11,0.14,0.04,0.05,0.14,0.11,0.05,0.04,0.55,0.44,0.37,0.38,0.01,0,0.0761,0.0263,0.041,0.044,0.029,0.032,0.021,0.029,0.229,0.132,0.12,H,FALSE
0.0215,0.0152,0.04,0.11,0.07,0.17,0.08,0.08,0.05,0.12,0.13,0.17,0.1,0.12,0.09,0.14,0.2,0.2,0.17,0.13,0.18,0.22,0.18,0.18,0.14,0.16,0.12,0.1,0.04,0.03,0.12,0.15,0.05,0.06,0.14,0.11,0.05,0.04,0.45,0.41,0.54,0.36,0,0,0.0279,0.036,0.036,0.041,0.032,0.029,0.077,0.028,0.062,0.076,0.12,H,TRUE
0.0286,0.0333,0.08,0.11,0.03,0.13,0.12,0.1,0.09,0.13,0.1,0.13,0.12,0.13,0.1,0.13,0.21,0.15,0.27,0.13,0.2,0.17,0.22,0.15,0.13,0.18,0.1,0.11,0.04,0.04,0.15,0.13,0.05,0.04,0.11,0.13,0.04,0.04,0.45,0.48,0.45,0.27,-0.02,-0.01,0.0083,0.02,0.046,0.042,0.028,0.028,0.038,0.03,0.071,0.085,0.12,D,FALSE
0.0152,0.0899,0.1,0.18,0.07,0.23,0.13,0.13,0.12,0.19,0.17,0.27,0.13,0.2,0.14,0.22,0.2,0.14,0.2,0.07,0.18,0.27,0.19,0.16,0.15,0.21,0.1,0.17,0.03,0.06,0.15,0.07,0.06,0.03,0.09,0.16,0.03,0.06,0.41,0.61,0.36,0.36,-0.01,0,0.0333,0.056,0.041,0.036,0.029,0.027,0.028,0.032,0.076,0.054,0.13,A,TRUE
0.1006,0.0266,0.28,0.12,0.3,0.1,0.27,0.1,0.32,0.1,0.23,0.13,0.4,0.06,0.32,0.1,0.06,0.12,0.07,0.17,0.07,0.12,0.07,0.13,0.23,0.08,0.17,0.12,0.07,0.04,0.06,0.13,0.02,0.05,0.15,0.09,0.06,0.03,0.72,0.52,0.49,0.35,0.11,0.01,0.0878,0.0274,0.042,0.044,0.025,0.031,0.021,0.038,0.099,0.113,0.13,H,TRUE
0.0435,0.0286,0.09,0.08,0.13,0.03,0.15,0.04,0.1,0.09,0.2,0.07,0.13,0.07,0.14,0.08,0.22,0.2,0.27,0.23,0.2,0.21,0.23,0.22,0.18,0.15,0.09,0.1,0.03,0.04,0.14,0.15,0.05,0.05,0.12,0.12,0.04,0.04,0.46,0.45,0.37,0.45,-0.01,0,0.021,0.0102,0.048,0.046,0.029,0.028,0.033,0.038,0.066,0.074,0.13,H,TRUE
0.0874,0.0147,0.2,0.07,0.23,0.03,0.17,0.08,0.18,0.05,0.2,0,0.15,0.05,0.18,0.03,0.08,0.12,0.03,0.1,0.1,0.08,0.07,0.1,0.14,0.05,0.16,0.09,0.06,0.03,0.1,0.14,0.03,0.05,0.15,0.09,0.05,0.03,0.56,0.45,0.37,0.26,0,0,0.0814,0.0159,0.035,0.051,0.028,0.031,0.031,0.053,0.117,0.123,0.13,H,FALSE
0.0164,0.0082,0.11,0.17,0.23,0.2,0.12,0.18,0.08,0.09,0.17,0.1,0.12,0.12,0.12,0.1,0.11,0.08,0,0.03,0.1,0.12,0.07,0.08,0.1,0.09,0.12,0.1,0.04,0.03,0.14,0.15,0.05,0.04,0.14,0.12,0.04,0.04,0.48,0.44,0.38,0.33,0,-0.01,0.0138,0.0647,0.039,0.044,0.029,0.029,0.049,0.038,0.134,0.195,0.13,A,TRUE
0.0559,0.0051,0.19,0.12,0.2,0.1,0.3,0.07,0.18,0.07,0.13,0.07,0.25,0.05,0.19,0.06,0.12,0.15,0.1,0.2,0.07,0.18,0.1,0.18,0.18,0.08,0.16,0.1,0.06,0.03,0.11,0.12,0.04,0.04,0.14,0.1,0.05,0.03,0.62,0.46,0.37,0.4,0.02,-0.02,0.0566,0.0364,0.04,0.048,0.025,0.033,0.036,0.042,0.09,0.079,0.13,H,TRUE
0.0105,0.0176,0.08,0.11,0.03,0,0.1,0.07,0.08,0.08,0.03,0.03,0.1,0.07,0.07,0.06,0.15,0.13,0.2,0.27,0.17,0.15,0.17,0.18,0.13,0.12,0.1,0.12,0.03,0.04,0.14,0.13,0.04,0.04,0.11,0.13,0.04,0.04,0.4,0.42,0.44,0.35,0,-0.04,0.0193,0.0274,0.041,0.035,0.033,0.03,0.039,0.046,0.093,0.096,0.13,D,TRUE
0.0165,0.0855,0.16,0.22,0.2,0.2,0.13,0.13,0.17,0.22,0.23,0.17,0.12,0.13,0.17,0.17,0.16,0.05,0.1,0.07,0.18,0.08,0.15,0.07,0.12,0.16,0.12,0.13,0.04,0.05,0.11,0.11,0.04,0.04,0.12,0.12,0.04,0.04,0.5,0.55,0.27,0.37,0.02,0.02,0.0451,0.0716,0.043,0.041,0.032,0.029,0.021,0.022,0.067,0.249,0.13,A,TRUE
0.0333,0.0834,0.11,0.18,0.07,0.13,0.12,0.2,0.13,0.16,0.1,0.07,0.13,0.2,0.12,0.14,0.15,0.08,0.17,0.1,0.13,0.08,0.15,0.09,0.1,0.15,0.11,0.16,0.04,0.06,0.13,0.09,0.04,0.03,0.1,0.15,0.04,0.05,0.48,0.62,0.27,0.38,0,0,0.0207,0.0539,0.042,0.038,0.028,0.029,0.031,0.035,0.088,0.122,0.13,H,TRUE
0.0061,0.0215,0.12,0.06,0.13,0.13,0.15,0,0.1,0.06,0.1,0.13,0.13,0,0.11,0.06,0.11,0.19,0.1,0.13,0.12,0.22,0.11,0.18,0.15,0.09,0.1,0.12,0.03,0.04,0.14,0.12,0.05,0.05,0.11,0.13,0.04,0.04,0.44,0.45,0.38,0.54,-0.01,0.01,0.0243,0.0292,0.044,0.036,0.032,0.032,0.031,0.062,0.132,0.065,0.13,D,FALSE
0.1006,0.0286,0.29,0.07,0.3,0.03,0.27,0.04,0.31,0.09,0.2,0.03,0.37,0.06,0.3,0.06,0.06,0.21,0.07,0.23,0.07,0.24,0.07,0.23,0.26,0.06,0.17,0.1,0.07,0.04,0.06,0.15,0.02,0.05,0.16,0.08,0.06,0.03,0.72,0.45,0.49,0.45,0.12,-0.01,0.0872,0.0095,0.042,0.046,0.025,0.028,0.022,0.041,0.095,0.069,0.14,H,TRUE
0.0164,0.0266,0.1,0.11,0.13,0.1,0.1,0.08,0.09,0.1,0.17,0.17,0.11,0.07,0.12,0.11,0.11,0.12,0.07,0.2,0.11,0.13,0.1,0.15,0.14,0.1,0.12,0.12,0.04,0.04,0.14,0.13,0.05,0.05,0.13,0.13,0.04,0.04,0.48,0.52,0.38,0.35,-0.01,-0.01,0.0129,0.0254,0.039,0.044,0.029,0.031,0.048,0.038,0.126,0.107,0.14,D,FALSE
0.0559,0.0855,0.2,0.23,0.3,0.3,0.3,0.16,0.2,0.23,0.27,0.3,0.29,0.17,0.25,0.23,0.11,0.06,0,0.1,0.06,0.1,0.06,0.09,0.17,0.15,0.16,0.13,0.06,0.05,0.11,0.11,0.04,0.04,0.14,0.12,0.05,0.04,0.62,0.55,0.37,0.37,0.03,0.03,0.0536,0.07,0.04,0.041,0.025,0.029,0.032,0.02,0.098,0.201,0.14,A,TRUE
0.0105,0.0215,0.09,0.06,0.07,0.17,0.1,0.01,0.09,0.06,0.1,0.13,0.11,0,0.1,0.06,0.15,0.18,0.23,0.1,0.17,0.19,0.18,0.16,0.13,0.12,0.1,0.12,0.03,0.04,0.14,0.12,0.04,0.05,0.11,0.13,0.04,0.04,0.4,0.45,0.44,0.54,0,0,0.0192,0.0276,0.041,0.036,0.033,0.032,0.035,0.067,0.091,0.069,0.14,D,FALSE
0.0165,0.0834,0.15,0.17,0.2,0.03,0.11,0.17,0.17,0.16,0.23,0.07,0.13,0.19,0.18,0.14,0.18,0.09,0.13,0.17,0.21,0.1,0.18,0.12,0.15,0.16,0.12,0.16,0.04,0.06,0.11,0.09,0.04,0.03,0.1,0.14,0.03,0.05,0.5,0.62,0.27,0.38,-0.01,-0.01,0.0418,0.0501,0.043,0.038,0.032,0.029,0.021,0.036,0.061,0.109,0.14,D,FALSE
0.0152,0.0147,0.09,0.06,0.03,0.03,0.11,0.07,0.11,0.05,0.1,0,0.11,0.04,0.11,0.03,0.21,0.11,0.23,0.1,0.2,0.09,0.21,0.1,0.1,0.12,0.1,0.09,0.03,0.03,0.15,0.14,0.06,0.05,0.12,0.12,0.04,0.04,0.41,0.45,0.36,0.26,-0.02,-0.01,0.0309,0.0147,0.041,0.051,0.029,0.031,0.03,0.057,0.074,0.124,0.14,H,TRUE
0.0333,0.0082,0.12,0.18,0.13,0.2,0.14,0.2,0.14,0.1,0.1,0.13,0.14,0.13,0.13,0.12,0.14,0.08,0.13,0.07,0.13,0.11,0.13,0.09,0.11,0.13,0.11,0.1,0.04,0.03,0.13,0.15,0.04,0.04,0.13,0.11,0.04,0.04,0.48,0.44,0.27,0.33,0.01,0.01,0.0371,0.0636,0.042,0.044,0.028,0.029,0.029,0.035,0.09,0.19,0.14,H,FALSE
0.0435,0.0051,0.11,0.11,0.13,0,0.17,0.06,0.12,0.06,0.23,0.03,0.17,0.04,0.18,0.05,0.2,0.17,0.2,0.37,0.17,0.23,0.19,0.26,0.22,0.12,0.09,0.1,0.03,0.03,0.14,0.12,0.05,0.04,0.1,0.12,0.04,0.04,0.46,0.46,0.37,0.4,0.01,-0.03,0.0256,0.0338,0.048,0.048,0.029,0.033,0.027,0.045,0.071,0.068,0.14,H,FALSE
0.0061,0.0899,0.12,0.19,0.07,0.23,0.14,0.16,0.09,0.2,0.07,0.23,0.11,0.21,0.09,0.22,0.1,0.13,0.1,0.03,0.1,0.23,0.1,0.13,0.11,0.16,0.1,0.17,0.03,0.06,0.14,0.07,0.05,0.03,0.09,0.16,0.03,0.05,0.44,0.61,0.38,0.36,0,0.01,0.0241,0.0553,0.044,0.036,0.032,0.027,0.033,0.031,0.142,0.058,0.14,A,TRUE
0.0874,0.0176,0.21,0.11,0.23,0.03,0.19,0.07,0.18,0.09,0.2,0.1,0.14,0.09,0.17,0.09,0.08,0.14,0.03,0.3,0.09,0.16,0.07,0.2,0.19,0.08,0.16,0.12,0.06,0.04,0.1,0.13,0.03,0.04,0.14,0.11,0.05,0.04,0.56,0.42,0.37,0.35,0.01,0,0.0788,0.0262,0.035,0.035,0.028,0.03,0.032,0.042,0.126,0.092,0.14,H,TRUE
0.0855,0.1006,0.23,0.29,0.3,0.3,0.3,0.3,0.23,0.31,0.27,0.2,0.29,0.26,0.26,0.25,0.06,0.07,0.1,0.1,0.01,0.06,0.06,0.07,0.17,0.16,0.13,0.17,0.05,0.07,0.11,0.06,0.04,0.02,0.1,0.14,0.03,0.05,0.55,0.72,0.37,0.49,0.04,0.13,0.0765,0.0871,0.041,0.042,0.029,0.025,0.02,0.022,0.191,0.091,0.15,A,TRUE
0.0899,0.0435,0.19,0.12,0.23,0.2,0.21,0.04,0.22,0.13,0.3,0.23,0.19,0.07,0.24,0.14,0.13,0.19,0.07,0.13,0.03,0.23,0.07,0.18,0.21,0.11,0.17,0.09,0.06,0.03,0.07,0.14,0.03,0.05,0.16,0.08,0.05,0.03,0.61,0.46,0.36,0.37,0.02,0.02,0.0528,0.0249,0.036,0.048,0.027,0.029,0.028,0.026,0.058,0.076,0.15,D,FALSE
0.0266,0.0559,0.11,0.19,0.13,0.2,0.14,0.1,0.1,0.19,0.2,0.23,0.12,0.11,0.14,0.18,0.12,0.13,0.13,0.1,0.11,0.17,0.12,0.13,0.14,0.15,0.12,0.16,0.04,0.06,0.13,0.11,0.05,0.04,0.11,0.14,0.04,0.05,0.52,0.62,0.35,0.37,0,-0.01,0.0248,0.0501,0.044,0.04,0.031,0.025,0.038,0.033,0.108,0.088,0.15,D,FALSE
0.0176,0.0333,0.1,0.13,0.03,0.23,0.14,0.1,0.09,0.13,0.1,0.13,0.1,0.13,0.1,0.13,0.15,0.13,0.27,0.07,0.11,0.16,0.18,0.12,0.11,0.15,0.12,0.11,0.04,0.04,0.13,0.13,0.04,0.04,0.12,0.12,0.04,0.04,0.42,0.48,0.35,0.27,-0.01,0.02,0.0245,0.0362,0.035,0.042,0.03,0.028,0.042,0.03,0.086,0.096,0.15,A,TRUE
0.0834,0.0152,0.17,0.11,0.07,0.1,0.17,0.07,0.15,0.12,0.1,0.1,0.13,0.11,0.13,0.11,0.09,0.2,0.13,0.2,0.07,0.21,0.1,0.2,0.17,0.1,0.16,0.1,0.06,0.03,0.09,0.15,0.03,0.06,0.16,0.1,0.06,0.03,0.62,0.41,0.38,0.36,0,0.01,0.0478,0.0318,0.038,0.041,0.029,0.029,0.037,0.029,0.108,0.076,0.15,H,TRUE
0.0147,0.0105,0.06,0.09,0.03,0.1,0.06,0.07,0.05,0.08,0.03,0.1,0.06,0.06,0.05,0.08,0.12,0.14,0.1,0.1,0.14,0.13,0.12,0.12,0.09,0.1,0.09,0.1,0.03,0.03,0.14,0.14,0.05,0.04,0.11,0.12,0.04,0.04,0.45,0.4,0.26,0.44,-0.02,0,0.0137,0.0193,0.051,0.041,0.031,0.033,0.054,0.038,0.118,0.097,0.15,H,FALSE
0.0051,0.0061,0.1,0.11,0,0.03,0.16,0.1,0.06,0.09,0.03,0.03,0.09,0.07,0.06,0.07,0.17,0.13,0.3,0.2,0.11,0.1,0.2,0.14,0.1,0.13,0.1,0.1,0.03,0.03,0.12,0.14,0.04,0.05,0.12,0.11,0.04,0.04,0.46,0.44,0.4,0.38,-0.04,-0.01,0.0316,0.0225,0.048,0.044,0.033,0.032,0.048,0.033,0.067,0.112,0.15,H,FALSE
0.0215,0.0164,0.07,0.1,0.17,0.07,0.11,0.1,0.05,0.09,0.07,0.07,0.11,0.06,0.08,0.07,0.17,0.11,0.03,0.1,0.17,0.11,0.12,0.11,0.09,0.1,0.12,0.12,0.04,0.04,0.12,0.14,0.05,0.05,0.13,0.12,0.04,0.04,0.45,0.48,0.54,0.38,0,0,0.0264,0.0138,0.036,0.039,0.032,0.029,0.072,0.048,0.074,0.128,0.15,D,TRUE
0.0082,0.0165,0.17,0.15,0.1,0.13,0.16,0.19,0.09,0.17,0.07,0.2,0.07,0.21,0.08,0.19,0.08,0.17,0.1,0.17,0.04,0.14,0.07,0.16,0.12,0.13,0.1,0.12,0.03,0.04,0.15,0.11,0.04,0.04,0.1,0.13,0.04,0.04,0.44,0.5,0.33,0.27,-0.01,0,0.0593,0.0446,0.044,0.043,0.029,0.032,0.037,0.021,0.188,0.063,0.15,H,FALSE
0.0286,0.0874,0.07,0.21,0.03,0.23,0.12,0.23,0.09,0.19,0.07,0.17,0.12,0.21,0.09,0.19,0.21,0.08,0.23,0.07,0.18,0.07,0.21,0.07,0.08,0.2,0.1,0.16,0.04,0.06,0.15,0.1,0.05,0.03,0.1,0.15,0.03,0.05,0.45,0.56,0.45,0.37,-0.02,0.02,0.0089,0.077,0.046,0.035,0.028,0.028,0.04,0.031,0.07,0.124,0.15,H,FALSE
0.0286,0.0559,0.08,0.18,0.1,0.13,0.14,0.1,0.09,0.19,0.07,0.23,0.11,0.11,0.09,0.18,0.2,0.12,0.2,0.13,0.16,0.16,0.19,0.14,0.11,0.18,0.1,0.16,0.04,0.06,0.15,0.11,0.05,0.04,0.1,0.15,0.04,0.06,0.45,0.62,0.45,0.37,0.01,0,0.0247,0.0486,0.046,0.04,0.028,0.025,0.04,0.034,0.074,0.089,0.16,D,FALSE
0.0834,0.0061,0.18,0.11,0.13,0.03,0.19,0.09,0.18,0.09,0.23,0.03,0.18,0.06,0.19,0.06,0.09,0.13,0.13,0.23,0.08,0.11,0.1,0.16,0.18,0.08,0.16,0.1,0.06,0.03,0.09,0.14,0.03,0.05,0.15,0.1,0.05,0.03,0.62,0.44,0.38,0.38,0.01,-0.02,0.0477,0.0211,0.038,0.044,0.029,0.032,0.032,0.035,0.106,0.109,0.16,H,FALSE
0.0855,0.0164,0.22,0.1,0.2,0.07,0.26,0.1,0.22,0.09,0.27,0.13,0.26,0.08,0.25,0.1,0.07,0.12,0.17,0.17,0.04,0.12,0.09,0.14,0.19,0.1,0.13,0.12,0.05,0.04,0.11,0.14,0.04,0.05,0.14,0.12,0.05,0.04,0.55,0.48,0.37,0.38,-0.01,0,0.0718,0.0143,0.041,0.039,0.029,0.029,0.021,0.044,0.166,0.121,0.16,H,FALSE
0.0899,0.0105,0.19,0.08,0.23,0.07,0.2,0.06,0.21,0.08,0.3,0.07,0.18,0.05,0.23,0.06,0.12,0.14,0.07,0.1,0.04,0.12,0.08,0.12,0.18,0.07,0.17,0.1,0.06,0.03,0.07,0.14,0.03,0.04,0.15,0.09,0.05,0.03,0.61,0.4,0.36,0.44,0,-0.01,0.0522,0.0181,0.036,0.041,0.027,0.033,0.029,0.04,0.059,0.098,0.16,D,FALSE
0.0147,0.1006,0.08,0.29,0.1,0.3,0.09,0.3,0.06,0.3,0.07,0.2,0.06,0.25,0.06,0.25,0.11,0.07,0.1,0.1,0.12,0.06,0.11,0.08,0.07,0.18,0.09,0.17,0.03,0.07,0.14,0.06,0.05,0.02,0.08,0.16,0.03,0.06,0.45,0.72,0.26,0.49,0.01,0.14,0.0149,0.0977,0.051,0.042,0.031,0.025,0.051,0.023,0.127,0.089,0.16,A,TRUE
0.0266,0.0333,0.11,0.14,0.07,0.3,0.13,0.12,0.1,0.14,0.1,0.2,0.12,0.15,0.11,0.16,0.12,0.14,0.13,0.1,0.11,0.16,0.12,0.13,0.12,0.14,0.12,0.11,0.04,0.04,0.13,0.13,0.05,0.04,0.12,0.12,0.04,0.04,0.52,0.48,0.35,0.27,0,0.03,0.0268,0.0373,0.044,0.042,0.031,0.028,0.038,0.028,0.109,0.093,0.16,A,TRUE
0.0176,0.0435,0.09,0.12,0.03,0.23,0.12,0.05,0.1,0.12,0.17,0.23,0.11,0.08,0.13,0.14,0.16,0.18,0.27,0.03,0.14,0.21,0.19,0.14,0.13,0.17,0.12,0.09,0.04,0.03,0.13,0.14,0.04,0.05,0.13,0.11,0.04,0.04,0.42,0.46,0.35,0.37,-0.02,0,0.0229,0.029,0.035,0.048,0.03,0.029,0.039,0.026,0.081,0.079,0.16,A,FALSE
0.0051,0.0874,0.11,0.2,0.1,0.2,0.18,0.2,0.07,0.18,0.07,0.13,0.1,0.19,0.08,0.17,0.16,0.08,0.23,0.07,0.1,0.08,0.16,0.07,0.08,0.17,0.1,0.16,0.03,0.06,0.12,0.1,0.04,0.03,0.1,0.14,0.03,0.05,0.46,0.56,0.4,0.37,0.01,-0.01,0.0307,0.0722,0.048,0.035,0.033,0.028,0.042,0.033,0.071,0.122,0.16,A,TRUE
0.0215,0.0165,0.07,0.14,0.1,0.03,0.11,0.16,0.06,0.16,0.07,0.1,0.12,0.19,0.08,0.15,0.17,0.17,0.07,0.2,0.18,0.14,0.14,0.17,0.13,0.14,0.12,0.12,0.04,0.04,0.12,0.11,0.05,0.04,0.12,0.12,0.04,0.04,0.45,0.5,0.54,0.27,0,-0.01,0.0258,0.0418,0.036,0.043,0.032,0.032,0.062,0.023,0.074,0.064,0.16,H,TRUE
0.0082,0.0152,0.18,0.1,0.2,0.1,0.18,0.06,0.09,0.12,0.1,0.1,0.08,0.11,0.09,0.11,0.08,0.22,0.07,0.3,0.04,0.25,0.06,0.26,0.17,0.09,0.1,0.1,0.03,0.03,0.15,0.15,0.04,0.06,0.13,0.13,0.05,0.04,0.44,0.41,0.33,0.36,0.01,-0.01,0.0587,0.0298,0.044,0.041,0.029,0.029,0.037,0.029,0.2,0.07,0.16,H,FALSE
0.0435,0.0147,0.13,0.07,0.23,0.1,0.19,0.06,0.12,0.05,0.13,0.07,0.18,0.05,0.14,0.06,0.17,0.13,0.03,0.2,0.15,0.1,0.12,0.14,0.14,0.09,0.09,0.09,0.03,0.03,0.14,0.14,0.05,0.05,0.12,0.12,0.04,0.04,0.46,0.45,0.37,0.26,0.01,-0.01,0.0304,0.014,0.048,0.051,0.029,0.031,0.026,0.054,0.083,0.11,0.17,H,TRUE
0.0164,0.0899,0.09,0.18,0.07,0.17,0.1,0.18,0.09,0.2,0.1,0.2,0.11,0.25,0.1,0.22,0.12,0.12,0.13,0.07,0.11,0.21,0.12,0.13,0.12,0.17,0.12,0.17,0.04,0.06,0.14,0.07,0.05,0.03,0.1,0.16,0.04,0.05,0.48,0.61,0.38,0.36,-0.01,0,0.0134,0.0498,0.039,0.036,0.029,0.027,0.047,0.031,0.122,0.063,0.17,A,TRUE
0.0105,0.0855,0.08,0.22,0.07,0.2,0.1,0.18,0.07,0.22,0,0.17,0.1,0.19,0.06,0.19,0.13,0.06,0.03,0.1,0.15,0.1,0.1,0.09,0.07,0.15,0.1,0.13,0.03,0.05,0.14,0.11,0.04,0.04,0.11,0.14,0.03,0.04,0.4,0.55,0.44,0.37,0,0.01,0.0223,0.0704,0.041,0.041,0.033,0.029,0.042,0.021,0.105,0.176,0.17,A,TRUE
0.1006,0.0834,0.29,0.18,0.3,0.23,0.28,0.16,0.31,0.18,0.27,0.27,0.35,0.18,0.31,0.21,0.06,0.08,0.07,0.07,0.08,0.1,0.07,0.08,0.2,0.14,0.17,0.16,0.07,0.06,0.06,0.09,0.02,0.03,0.13,0.11,0.05,0.04,0.72,0.62,0.49,0.38,0.15,0.02,0.0946,0.046,0.042,0.038,0.025,0.029,0.022,0.032,0.094,0.114,0.17,H,TRUE
0.0152,0.0286,0.09,0.08,0.1,0.13,0.14,0.03,0.11,0.08,0.1,0.07,0.12,0.07,0.11,0.07,0.21,0.19,0.23,0.07,0.19,0.23,0.21,0.16,0.14,0.14,0.1,0.1,0.03,0.04,0.15,0.15,0.06,0.05,0.12,0.13,0.04,0.05,0.41,0.45,0.36,0.45,-0.02,0,0.028,0.0265,0.041,0.046,0.029,0.028,0.031,0.043,0.072,0.079,0.17,A,TRUE
0.0165,0.0051,0.13,0.11,0.03,0.1,0.11,0.05,0.15,0.07,0.07,0.1,0.12,0.04,0.12,0.07,0.17,0.17,0.13,0.17,0.2,0.22,0.17,0.19,0.15,0.12,0.12,0.1,0.04,0.03,0.11,0.12,0.04,0.04,0.12,0.1,0.04,0.04,0.5,0.46,0.27,0.4,-0.02,-0.01,0.0394,0.0289,0.043,0.048,0.032,0.033,0.023,0.04,0.064,0.068,0.17,A,TRUE
0.0874,0.0266,0.21,0.11,0.2,0.07,0.2,0.09,0.18,0.1,0.2,0.1,0.16,0.07,0.18,0.09,0.08,0.14,0.1,0.2,0.09,0.13,0.09,0.15,0.17,0.09,0.16,0.12,0.06,0.04,0.1,0.13,0.03,0.05,0.14,0.11,0.05,0.04,0.56,0.52,0.37,0.35,0.01,-0.01,0.0689,0.0252,0.035,0.044,0.028,0.031,0.032,0.038,0.121,0.096,0.17,H,FALSE
0.0061,0.0082,0.1,0.18,0,0.2,0.12,0.18,0.08,0.09,0.03,0.07,0.11,0.11,0.08,0.09,0.14,0.07,0.3,0.03,0.15,0.11,0.2,0.07,0.07,0.14,0.1,0.1,0.03,0.03,0.14,0.15,0.05,0.04,0.12,0.12,0.04,0.04,0.44,0.44,0.38,0.33,-0.03,0.02,0.0199,0.058,0.044,0.044,0.032,0.029,0.038,0.037,0.105,0.211,0.17,D,FALSE
0.0559,0.0176,0.18,0.09,0.07,0,0.26,0.06,0.18,0.09,0.07,0.1,0.26,0.09,0.17,0.09,0.12,0.15,0.13,0.23,0.09,0.18,0.11,0.19,0.18,0.1,0.16,0.12,0.06,0.04,0.11,0.13,0.04,0.04,0.14,0.12,0.05,0.04,0.62,0.42,0.37,0.35,0,-0.03,0.0474,0.0216,0.04,0.035,0.025,0.03,0.036,0.042,0.094,0.082,0.17,H,FALSE
0.0333,0.0215,0.15,0.08,0.3,0.17,0.16,0.02,0.16,0.07,0.27,0.13,0.14,0,0.19,0.07,0.14,0.16,0.1,0.1,0.11,0.16,0.12,0.14,0.17,0.09,0.11,0.12,0.04,0.04,0.13,0.12,0.04,0.05,0.12,0.13,0.04,0.04,0.48,0.45,0.27,0.54,0.04,0.01,0.0398,0.0272,0.042,0.036,0.028,0.032,0.025,0.054,0.095,0.075,0.17,A,TRUE
0.0333,0.0855,0.14,0.23,0.2,0.2,0.14,0.19,0.15,0.22,0.23,0.13,0.12,0.19,0.17,0.18,0.14,0.07,0.2,0.1,0.13,0.1,0.16,0.09,0.13,0.17,0.11,0.13,0.04,0.05,0.13,0.11,0.04,0.04,0.11,0.13,0.04,0.04,0.48,0.55,0.27,0.37,-0.01,0.02,0.0376,0.0683,0.042,0.041,0.028,0.029,0.027,0.022,0.089,0.171,0.18,D,TRUE
0.0082,0.0834,0.18,0.17,0.23,0.2,0.19,0.14,0.09,0.17,0.07,0.27,0.08,0.17,0.08,0.2,0.07,0.1,0,0.17,0.03,0.13,0.03,0.13,0.11,0.12,0.1,0.16,0.03,0.06,0.15,0.09,0.04,0.03,0.1,0.16,0.03,0.05,0.44,0.62,0.33,0.38,0,-0.01,0.0551,0.0434,0.044,0.038,0.029,0.029,0.039,0.033,0.224,0.094,0.18,A,TRUE
0.0286,0.0176,0.09,0.08,0.23,0,0.14,0.06,0.09,0.09,0.13,0.07,0.1,0.08,0.11,0.08,0.18,0.15,0,0.17,0.14,0.17,0.11,0.16,0.14,0.09,0.1,0.12,0.04,0.04,0.15,0.13,0.05,0.04,0.11,0.13,0.04,0.04,0.45,0.42,0.45,0.35,0.01,-0.04,0.0276,0.0204,0.046,0.035,0.028,0.03,0.037,0.044,0.083,0.084,0.18,A,TRUE
0.0147,0.0215,0.07,0.09,0.1,0.23,0.08,0.06,0.06,0.08,0.07,0.23,0.06,0.03,0.06,0.12,0.14,0.16,0.23,0.1,0.16,0.14,0.18,0.13,0.1,0.15,0.09,0.12,0.03,0.04,0.14,0.12,0.05,0.05,0.11,0.13,0.04,0.04,0.45,0.45,0.26,0.54,-0.02,0.02,0.0132,0.0312,0.051,0.036,0.031,0.032,0.051,0.046,0.102,0.08,0.18,D,FALSE
0.0152,0.0105,0.09,0.08,0,0.03,0.12,0.07,0.11,0.07,0.03,0.03,0.11,0.04,0.08,0.05,0.22,0.13,0.3,0.1,0.2,0.11,0.24,0.11,0.1,0.14,0.1,0.1,0.03,0.03,0.15,0.14,0.06,0.04,0.12,0.13,0.04,0.04,0.41,0.4,0.36,0.44,-0.03,-0.01,0.0265,0.0211,0.041,0.041,0.029,0.033,0.033,0.042,0.07,0.102,0.18,H,TRUE
0.0266,0.0051,0.1,0.12,0.03,0.2,0.12,0.08,0.09,0.09,0.07,0.23,0.12,0.08,0.09,0.13,0.13,0.17,0.2,0.13,0.14,0.21,0.16,0.17,0.13,0.15,0.12,0.1,0.04,0.03,0.13,0.12,0.05,0.04,0.12,0.11,0.04,0.04,0.52,0.46,0.35,0.4,-0.02,0.01,0.0238,0.0301,0.044,0.048,0.031,0.033,0.041,0.032,0.097,0.069,0.18,D,FALSE
0.1006,0.0164,0.29,0.09,0.3,0.03,0.28,0.09,0.31,0.08,0.33,0.07,0.36,0.07,0.33,0.07,0.07,0.13,0.07,0.23,0.08,0.12,0.07,0.16,0.25,0.07,0.17,0.12,0.07,0.04,0.06,0.14,0.02,0.05,0.16,0.09,0.06,0.03,0.72,0.48,0.49,0.38,0.16,-0.02,0.1032,0.0127,0.042,0.039,0.025,0.029,0.022,0.05,0.091,0.108,0.18,H,TRUE
0.0061,0.0165,0.1,0.12,0.03,0,0.12,0.14,0.08,0.15,0,0.07,0.1,0.18,0.06,0.13,0.13,0.18,0.13,0.23,0.13,0.14,0.13,0.19,0.12,0.13,0.1,0.12,0.03,0.04,0.14,0.11,0.05,0.04,0.1,0.13,0.04,0.04,0.44,0.5,0.38,0.27,0,-0.03,0.0192,0.0372,0.044,0.043,0.032,0.032,0.039,0.024,0.111,0.059,0.18,H,FALSE
0.0435,0.0874,0.14,0.21,0.23,0.2,0.2,0.21,0.13,0.18,0.17,0.13,0.19,0.2,0.16,0.17,0.17,0.08,0.07,0.07,0.14,0.08,0.13,0.07,0.12,0.15,0.09,0.16,0.03,0.06,0.14,0.1,0.05,0.03,0.1,0.15,0.03,0.05,0.46,0.56,0.37,0.37,0.02,0.02,0.0311,0.0695,0.048,0.035,0.029,0.028,0.025,0.033,0.085,0.127,0.18,D,FALSE
0.0559,0.0899,0.18,0.19,0.17,0.17,0.27,0.19,0.17,0.21,0.07,0.17,0.24,0.27,0.16,0.22,0.11,0.11,0.03,0.03,0.08,0.19,0.07,0.11,0.14,0.14,0.16,0.17,0.06,0.06,0.11,0.07,0.04,0.03,0.12,0.14,0.05,0.05,0.62,0.61,0.37,0.36,0.01,0.01,0.0477,0.0497,0.04,0.036,0.025,0.027,0.037,0.029,0.1,0.067,0.18,D,TRUE
0.0215,0.0559,0.1,0.18,0.23,0.17,0.13,0.1,0.08,0.18,0.2,0.13,0.13,0.1,0.14,0.14,0.15,0.12,0.07,0.1,0.17,0.14,0.13,0.12,0.13,0.13,0.12,0.16,0.04,0.06,0.12,0.11,0.05,0.04,0.12,0.14,0.04,0.06,0.45,0.62,0.54,0.37,0,0,0.0304,0.0499,0.036,0.04,0.032,0.025,0.046,0.035,0.081,0.092,0.19,A,TRUE
0.0176,0.1006,0.1,0.29,0.1,0.3,0.11,0.3,0.1,0.32,0.1,0.4,0.1,0.27,0.1,0.33,0.15,0.06,0.13,0.03,0.13,0.06,0.14,0.05,0.08,0.23,0.12,0.17,0.04,0.07,0.13,0.06,0.04,0.02,0.09,0.15,0.03,0.05,0.42,0.72,0.35,0.49,0.01,0.17,0.0238,0.1004,0.035,0.042,0.03,0.025,0.039,0.022,0.082,0.097,0.19,A,FALSE
0.0899,0.0147,0.18,0.07,0.17,0.03,0.19,0.06,0.22,0.06,0.23,0.07,0.16,0.06,0.2,0.06,0.12,0.14,0.1,0.27,0.03,0.12,0.08,0.18,0.19,0.07,0.17,0.09,0.06,0.03,0.07,0.14,0.03,0.05,0.15,0.08,0.06,0.03,0.61,0.45,0.36,0.26,0,0,0.0501,0.0136,0.036,0.051,0.027,0.031,0.028,0.049,0.061,0.104,0.19,H,TRUE
0.0105,0.0435,0.07,0.14,0.03,0.23,0.09,0.08,0.07,0.13,0.07,0.13,0.1,0.08,0.08,0.11,0.14,0.16,0.17,0.03,0.16,0.19,0.16,0.13,0.1,0.13,0.1,0.09,0.03,0.03,0.14,0.14,0.04,0.05,0.12,0.12,0.04,0.04,0.4,0.46,0.44,0.37,-0.02,0,0.02,0.0341,0.041,0.048,0.033,0.029,0.041,0.026,0.096,0.09,0.19,D,FALSE
0.0165,0.0333,0.12,0.14,0,0.13,0.1,0.14,0.14,0.15,0.07,0.2,0.12,0.18,0.11,0.18,0.18,0.15,0.23,0.2,0.22,0.16,0.21,0.17,0.14,0.19,0.12,0.11,0.04,0.04,0.11,0.13,0.04,0.04,0.12,0.11,0.04,0.04,0.5,0.48,0.27,0.27,-0.04,0,0.0352,0.0401,0.043,0.042,0.032,0.028,0.025,0.026,0.061,0.087,0.19,H,TRUE
0.0855,0.0082,0.22,0.17,0.23,0.13,0.27,0.17,0.22,0.08,0.17,0.03,0.24,0.1,0.21,0.07,0.07,0.08,0.1,0.1,0.03,0.1,0.07,0.09,0.15,0.07,0.13,0.1,0.05,0.03,0.11,0.15,0.04,0.04,0.14,0.11,0.04,0.04,0.55,0.44,0.37,0.33,0,-0.01,0.0664,0.0522,0.041,0.044,0.029,0.029,0.022,0.041,0.155,0.19,0.19,D,TRUE
0.0051,0.0152,0.12,0.1,0.13,0.1,0.16,0.06,0.09,0.12,0.2,0.1,0.1,0.1,0.13,0.11,0.16,0.21,0.17,0.17,0.12,0.23,0.15,0.2,0.17,0.13,0.1,0.1,0.03,0.03,0.12,0.15,0.04,0.06,0.12,0.11,0.04,0.04,0.46,0.41,0.4,0.36,0,0.01,0.0299,0.0267,0.048,0.041,0.033,0.029,0.032,0.03,0.071,0.072,0.19,D,FALSE
0.0874,0.0061,0.2,0.11,0.23,0.13,0.21,0.08,0.17,0.08,0.13,0.03,0.16,0.06,0.15,0.06,0.07,0.12,0.03,0.07,0.08,0.12,0.06,0.1,0.13,0.06,0.16,0.1,0.06,0.03,0.1,0.14,0.03,0.05,0.15,0.1,0.05,0.03,0.56,0.44,0.37,0.38,0,0.01,0.0681,0.0208,0.035,0.044,0.028,0.032,0.034,0.039,0.134,0.118,0.19,H,FALSE
0.0164,0.0286,0.08,0.09,0,0.13,0.09,0.06,0.08,0.1,0,0.17,0.1,0.09,0.06,0.12,0.15,0.18,0.3,0.1,0.14,0.21,0.2,0.16,0.11,0.16,0.12,0.1,0.04,0.04,0.14,0.15,0.05,0.05,0.14,0.12,0.05,0.04,0.48,0.45,0.38,0.45,-0.03,-0.01,0.012,0.0261,0.039,0.046,0.029,0.028,0.053,0.035,0.098,0.081,0.19,D,TRUE
0.0834,0.0266,0.18,0.1,0.2,0.03,0.2,0.08,0.18,0.1,0.2,0.07,0.18,0.06,0.19,0.07,0.1,0.13,0.13,0.2,0.07,0.12,0.1,0.15,0.17,0.09,0.16,0.12,0.06,0.04,0.09,0.13,0.03,0.05,0.15,0.11,0.05,0.04,0.62,0.52,0.38,0.35,0.01,0,0.0424,0.0228,0.038,0.044,0.029,0.031,0.032,0.04,0.099,0.098,0.19,H,TRUE
0.0105,0.0559,0.08,0.18,0.03,0.23,0.09,0.12,0.07,0.18,0.07,0.23,0.09,0.12,0.08,0.18,0.14,0.12,0.17,0.17,0.14,0.15,0.15,0.15,0.11,0.16,0.1,0.16,0.03,0.06,0.14,0.11,0.04,0.04,0.11,0.15,0.03,0.05,0.4,0.62,0.44,0.37,0,0.01,0.0212,0.0507,0.041,0.04,0.033,0.025,0.043,0.034,0.101,0.089,0.2,D,FALSE
0.0215,0.1006,0.09,0.29,0.13,0.3,0.12,0.3,0.09,0.3,0.2,0.3,0.14,0.25,0.14,0.29,0.16,0.06,0.13,0.03,0.18,0.05,0.16,0.05,0.1,0.22,0.12,0.17,0.04,0.07,0.12,0.06,0.05,0.02,0.09,0.15,0.03,0.06,0.45,0.72,0.54,0.49,-0.01,0.18,0.0288,0.098,0.036,0.042,0.032,0.025,0.043,0.022,0.078,0.102,0.2,D,FALSE
0.0855,0.0266,0.22,0.1,0.17,0.03,0.25,0.07,0.22,0.1,0.2,0.1,0.24,0.08,0.22,0.09,0.08,0.15,0.17,0.23,0.05,0.17,0.1,0.18,0.2,0.1,0.13,0.12,0.05,0.04,0.11,0.13,0.04,0.05,0.13,0.12,0.05,0.04,0.55,0.52,0.37,0.35,0,-0.01,0.0635,0.0217,0.041,0.044,0.029,0.031,0.022,0.038,0.143,0.086,0.2,D,FALSE
0.0165,0.0147,0.12,0.06,0.1,0.03,0.12,0.05,0.14,0.06,0.1,0.07,0.13,0.05,0.12,0.06,0.18,0.16,0.2,0.3,0.21,0.16,0.2,0.2,0.16,0.13,0.12,0.09,0.04,0.03,0.11,0.14,0.04,0.05,0.13,0.1,0.04,0.04,0.5,0.45,0.27,0.26,0.01,-0.01,0.0385,0.013,0.043,0.051,0.032,0.031,0.025,0.052,0.062,0.091,0.2,A,TRUE
0.0176,0.0061,0.09,0.1,0.1,0.13,0.1,0.07,0.1,0.08,0.1,0.03,0.09,0.05,0.1,0.05,0.15,0.12,0.13,0.07,0.13,0.13,0.14,0.11,0.1,0.1,0.12,0.1,0.04,0.03,0.13,0.14,0.04,0.05,0.13,0.11,0.04,0.04,0.42,0.44,0.35,0.38,-0.01,-0.01,0.0226,0.0198,0.035,0.044,0.03,0.032,0.041,0.041,0.084,0.114,0.2,D,FALSE
0.0899,0.0333,0.19,0.14,0.23,0.03,0.2,0.13,0.23,0.15,0.4,0.1,0.19,0.17,0.27,0.14,0.12,0.15,0.1,0.23,0.03,0.16,0.08,0.18,0.23,0.11,0.17,0.11,0.06,0.04,0.07,0.13,0.03,0.04,0.15,0.09,0.05,0.03,0.61,0.48,0.36,0.27,0.01,-0.01,0.0498,0.0381,0.036,0.042,0.027,0.028,0.027,0.027,0.065,0.085,0.2,H,TRUE
0.0051,0.0082,0.12,0.16,0.17,0.07,0.15,0.16,0.09,0.09,0.2,0.07,0.1,0.11,0.13,0.09,0.16,0.08,0.1,0.17,0.12,0.11,0.13,0.12,0.13,0.11,0.1,0.1,0.03,0.03,0.12,0.15,0.04,0.04,0.12,0.11,0.04,0.04,0.46,0.44,0.4,0.33,0,0,0.0292,0.0538,0.048,0.044,0.033,0.029,0.032,0.038,0.072,0.176,0.2,D,FALSE
0.0874,0.0152,0.21,0.1,0.23,0.13,0.22,0.06,0.17,0.12,0.1,0.13,0.16,0.1,0.14,0.12,0.07,0.2,0,0.17,0.07,0.22,0.05,0.2,0.17,0.08,0.16,0.1,0.06,0.03,0.1,0.15,0.03,0.06,0.16,0.1,0.06,0.03,0.56,0.41,0.37,0.36,0.01,0,0.0656,0.0257,0.035,0.041,0.028,0.029,0.034,0.03,0.142,0.074,0.2,H,TRUE
0.0164,0.0435,0.08,0.14,0.03,0.17,0.09,0.08,0.09,0.12,0.1,0.1,0.12,0.07,0.1,0.1,0.16,0.15,0.37,0.03,0.16,0.17,0.23,0.12,0.11,0.16,0.12,0.09,0.04,0.03,0.14,0.14,0.05,0.05,0.13,0.12,0.04,0.04,0.48,0.46,0.38,0.37,0,0,0.0128,0.0329,0.039,0.048,0.029,0.029,0.046,0.027,0.093,0.095,0.2,H,TRUE
0.0834,0.0286,0.19,0.1,0.3,0.13,0.21,0.06,0.2,0.11,0.33,0.23,0.21,0.11,0.25,0.15,0.1,0.19,0.07,0.23,0.08,0.22,0.08,0.21,0.23,0.12,0.16,0.1,0.06,0.04,0.09,0.15,0.03,0.05,0.16,0.1,0.05,0.03,0.62,0.45,0.38,0.45,0.03,0.01,0.0443,0.0259,0.038,0.046,0.029,0.028,0.029,0.031,0.099,0.08,0.21,D,FALSE
0.0559,0.0874,0.18,0.21,0.17,0.23,0.25,0.2,0.18,0.19,0.23,0.23,0.25,0.18,0.22,0.2,0.12,0.07,0.2,0,0.1,0.07,0.14,0.05,0.13,0.17,0.16,0.16,0.06,0.06,0.11,0.1,0.04,0.03,0.13,0.14,0.05,0.05,0.62,0.56,0.37,0.37,0,0.02,0.0488,0.0647,0.04,0.035,0.025,0.028,0.035,0.031,0.09,0.148,0.21,D,TRUE
0.1006,0.0165,0.28,0.12,0.23,0.1,0.28,0.13,0.29,0.14,0.17,0.1,0.36,0.16,0.27,0.13,0.06,0.18,0,0.13,0.07,0.14,0.04,0.15,0.21,0.09,0.17,0.12,0.07,0.04,0.06,0.11,0.02,0.04,0.14,0.09,0.06,0.03,0.72,0.5,0.49,0.27,0,-0.01,0.0944,0.0366,0.042,0.043,0.025,0.032,0.024,0.025,0.107,0.062,0.21,H,TRUE
0.0286,0.0105,0.09,0.08,0.13,0.07,0.12,0.06,0.11,0.07,0.27,0.07,0.11,0.05,0.16,0.06,0.19,0.13,0.2,0.13,0.16,0.13,0.18,0.13,0.15,0.12,0.1,0.1,0.04,0.03,0.15,0.14,0.05,0.04,0.12,0.12,0.04,0.04,0.45,0.4,0.45,0.44,0,0,0.0256,0.0228,0.046,0.041,0.028,0.033,0.032,0.042,0.078,0.102,0.205,H,TRUE
0.0147,0.0834,0.08,0.18,0.13,0.2,0.08,0.16,0.06,0.2,0.1,0.3,0.06,0.18,0.07,0.22,0.15,0.1,0.23,0.2,0.15,0.12,0.18,0.14,0.11,0.2,0.09,0.16,0.03,0.06,0.14,0.09,0.05,0.03,0.09,0.15,0.03,0.05,0.45,0.62,0.26,0.38,0.01,0.02,0.0147,0.0443,0.051,0.038,0.031,0.029,0.046,0.029,0.093,0.094,0.205,A,FALSE
0.0266,0.0215,0.1,0.09,0.07,0.07,0.12,0.06,0.1,0.09,0.1,0.1,0.12,0.04,0.1,0.08,0.14,0.15,0.2,0.13,0.14,0.14,0.16,0.14,0.12,0.12,0.12,0.12,0.04,0.04,0.13,0.12,0.05,0.05,0.12,0.13,0.04,0.04,0.52,0.45,0.35,0.54,0,0,0.0247,0.0323,0.044,0.036,0.031,0.032,0.04,0.045,0.091,0.082,0.21,A,TRUE
0.0435,0.0855,0.13,0.21,0.07,0.1,0.19,0.18,0.12,0.2,0.03,0.13,0.17,0.19,0.11,0.18,0.15,0.08,0.07,0.13,0.13,0.11,0.12,0.11,0.11,0.15,0.09,0.13,0.03,0.05,0.14,0.11,0.05,0.04,0.1,0.14,0.04,0.05,0.46,0.55,0.37,0.37,-0.01,0,0.0313,0.0618,0.048,0.041,0.029,0.029,0.027,0.023,0.094,0.151,0.21,A,FALSE
0.0152,0.0176,0.1,0.09,0.13,0.13,0.14,0.08,0.11,0.09,0.13,0.1,0.13,0.1,0.12,0.1,0.22,0.14,0.23,0.1,0.19,0.17,0.21,0.14,0.13,0.16,0.1,0.12,0.03,0.04,0.15,0.13,0.06,0.04,0.11,0.14,0.04,0.05,0.41,0.42,0.36,0.35,-0.01,0,0.0244,0.0219,0.041,0.035,0.029,0.03,0.032,0.044,0.07,0.088,0.21,A,FALSE
0.0333,0.0051,0.13,0.11,0.03,0.1,0.14,0.08,0.15,0.09,0.13,0.07,0.13,0.08,0.14,0.08,0.15,0.15,0.2,0.07,0.14,0.2,0.16,0.14,0.14,0.12,0.11,0.1,0.04,0.03,0.13,0.12,0.04,0.04,0.11,0.11,0.04,0.04,0.48,0.46,0.27,0.4,-0.02,0,0.0363,0.0282,0.042,0.048,0.028,0.033,0.027,0.033,0.084,0.076,0.21,H,TRUE
0.0082,0.0899,0.16,0.2,0.07,0.23,0.17,0.18,0.09,0.23,0.07,0.33,0.07,0.27,0.07,0.28,0.08,0.11,0.17,0.13,0.06,0.2,0.1,0.15,0.11,0.19,0.1,0.17,0.03,0.06,0.15,0.07,0.04,0.03,0.09,0.16,0.03,0.05,0.44,0.61,0.33,0.36,0,0.02,0.0515,0.0522,0.044,0.036,0.029,0.027,0.04,0.027,0.185,0.065,0.21,A,TRUE
0.0061,0.0164,0.1,0.1,0.13,0.13,0.14,0.08,0.07,0.1,0.03,0.17,0.1,0.06,0.07,0.11,0.12,0.15,0.07,0.27,0.12,0.15,0.1,0.19,0.13,0.1,0.1,0.12,0.03,0.04,0.14,0.14,0.05,0.05,0.12,0.13,0.04,0.04,0.44,0.48,0.38,0.38,0,0.01,0.0197,0.0184,0.044,0.039,0.032,0.029,0.043,0.044,0.12,0.095,0.21,D,TRUE
0.0855,0.0152,0.21,0.09,0.17,0.03,0.24,0.06,0.2,0.11,0.13,0.03,0.22,0.09,0.19,0.08,0.07,0.21,0.07,0.23,0.04,0.25,0.06,0.23,0.21,0.07,0.13,0.1,0.05,0.03,0.11,0.15,0.04,0.06,0.14,0.11,0.05,0.04,0.55,0.41,0.37,0.36,0.01,-0.02,0.0649,0.0233,0.041,0.041,0.029,0.029,0.023,0.033,0.157,0.071,0.22,H,TRUE
0.0899,0.1006,0.2,0.28,0.3,0.23,0.21,0.28,0.23,0.29,0.3,0.13,0.19,0.23,0.24,0.22,0.11,0.06,0.07,0.03,0.04,0.04,0.07,0.05,0.14,0.14,0.17,0.17,0.06,0.07,0.07,0.06,0.03,0.02,0.11,0.12,0.04,0.05,0.61,0.72,0.36,0.49,0.03,0.01,0.0509,0.0923,0.036,0.042,0.027,0.025,0.027,0.023,0.065,0.104,0.22,H,TRUE
0.0164,0.0559,0.1,0.18,0.17,0.17,0.11,0.12,0.1,0.18,0.23,0.2,0.13,0.12,0.15,0.17,0.16,0.13,0.2,0.17,0.16,0.14,0.17,0.15,0.15,0.17,0.12,0.16,0.04,0.06,0.14,0.11,0.05,0.04,0.12,0.15,0.04,0.05,0.48,0.62,0.38,0.37,0,0,0.0179,0.0505,0.039,0.04,0.029,0.025,0.042,0.035,0.093,0.088,0.22,H,TRUE
0.0834,0.0435,0.19,0.12,0.23,0.03,0.2,0.07,0.19,0.11,0.27,0.03,0.2,0.07,0.22,0.07,0.1,0.16,0.1,0.13,0.08,0.17,0.09,0.15,0.19,0.08,0.16,0.09,0.06,0.03,0.09,0.14,0.03,0.05,0.15,0.09,0.05,0.03,0.62,0.46,0.38,0.37,0,-0.02,0.0436,0.0299,0.038,0.048,0.029,0.029,0.03,0.029,0.099,0.092,0.22,H,TRUE
0.0105,0.0061,0.07,0.1,0.07,0.07,0.09,0.07,0.07,0.08,0.07,0.07,0.09,0.04,0.08,0.06,0.14,0.12,0.1,0.13,0.14,0.12,0.12,0.12,0.1,0.09,0.1,0.1,0.03,0.03,0.14,0.14,0.04,0.05,0.12,0.12,0.04,0.04,0.4,0.44,0.44,0.38,-0.01,0,0.0218,0.0195,0.041,0.044,0.033,0.032,0.041,0.04,0.1,0.116,0.22,H,FALSE
0.0165,0.0266,0.11,0.09,0.1,0.03,0.11,0.07,0.14,0.1,0.13,0.1,0.13,0.07,0.13,0.09,0.18,0.14,0.2,0.23,0.21,0.15,0.2,0.18,0.15,0.14,0.12,0.12,0.04,0.04,0.11,0.13,0.04,0.05,0.12,0.11,0.04,0.04,0.5,0.52,0.27,0.35,-0.02,-0.01,0.035,0.0236,0.043,0.044,0.032,0.031,0.025,0.04,0.06,0.089,0.22,D,TRUE
0.0176,0.0147,0.1,0.07,0.13,0.1,0.1,0.07,0.09,0.06,0.03,0.07,0.08,0.06,0.07,0.06,0.14,0.16,0.03,0.27,0.12,0.16,0.1,0.19,0.13,0.08,0.12,0.09,0.04,0.03,0.13,0.14,0.04,0.05,0.13,0.11,0.04,0.03,0.42,0.45,0.35,0.26,0.01,-0.01,0.0229,0.014,0.035,0.051,0.03,0.031,0.043,0.048,0.092,0.091,0.22,D,FALSE
0.0051,0.0286,0.11,0.1,0.07,0.17,0.14,0.07,0.08,0.11,0.03,0.2,0.09,0.11,0.07,0.14,0.16,0.18,0.13,0.17,0.11,0.21,0.13,0.19,0.13,0.14,0.1,0.1,0.03,0.04,0.12,0.15,0.04,0.05,0.12,0.11,0.04,0.04,0.46,0.45,0.4,0.45,-0.01,0,0.0269,0.0285,0.048,0.046,0.033,0.028,0.035,0.031,0.073,0.081,0.22,A,TRUE
0.0215,0.0082,0.1,0.16,0.13,0.07,0.12,0.16,0.09,0.09,0.13,0.1,0.13,0.1,0.12,0.1,0.15,0.09,0.13,0.13,0.16,0.1,0.15,0.11,0.11,0.12,0.12,0.1,0.04,0.03,0.12,0.15,0.05,0.04,0.14,0.11,0.04,0.04,0.45,0.44,0.54,0.33,0.01,-0.01,0.0344,0.0492,0.036,0.044,0.032,0.029,0.042,0.04,0.083,0.174,0.22,H,FALSE
0.0874,0.0333,0.21,0.14,0.23,0.1,0.23,0.12,0.19,0.16,0.3,0.17,0.19,0.16,0.23,0.16,0.07,0.14,0.07,0.13,0.06,0.16,0.07,0.15,0.19,0.12,0.16,0.11,0.06,0.04,0.1,0.13,0.03,0.04,0.14,0.11,0.05,0.04,0.56,0.48,0.37,0.27,0,0.01,0.0643,0.0353,0.035,0.042,0.028,0.028,0.031,0.026,0.136,0.088,0.22,D,FALSE
0.0147,0.0899,0.07,0.2,0.13,0.3,0.07,0.19,0.06,0.24,0.1,0.27,0.06,0.26,0.07,0.26,0.15,0.12,0.13,0.17,0.16,0.19,0.15,0.16,0.12,0.2,0.09,0.17,0.03,0.06,0.14,0.07,0.05,0.03,0.08,0.15,0.03,0.06,0.45,0.61,0.26,0.36,0,0.04,0.0142,0.0618,0.051,0.036,0.031,0.027,0.047,0.026,0.093,0.061,0.23,H,FALSE
0.0266,0.0834,0.09,0.19,0.07,0.23,0.11,0.17,0.1,0.2,0.1,0.23,0.12,0.18,0.11,0.2,0.15,0.09,0.13,0.03,0.14,0.11,0.14,0.08,0.09,0.17,0.12,0.16,0.04,0.06,0.13,0.09,0.05,0.03,0.11,0.15,0.04,0.05,0.52,0.62,0.35,0.38,0,0.01,0.0233,0.0474,0.044,0.038,0.031,0.029,0.038,0.028,0.088,0.103,0.23,D,FALSE
0.1006,0.0176,0.27,0.1,0.13,0.17,0.28,0.1,0.29,0.09,0.2,0.07,0.36,0.1,0.28,0.09,0.07,0.14,0.17,0.03,0.07,0.16,0.1,0.11,0.19,0.1,0.17,0.12,0.07,0.04,0.06,0.13,0.02,0.04,0.15,0.09,0.05,0.03,0.72,0.42,0.49,0.35,-0.01,0,0.0883,0.0226,0.042,0.035,0.025,0.03,0.023,0.043,0.083,0.093,0.23,H,TRUE
0.0286,0.0164,0.11,0.1,0.23,0.23,0.14,0.08,0.13,0.1,0.23,0.2,0.12,0.07,0.16,0.13,0.18,0.15,0.1,0.13,0.15,0.16,0.14,0.15,0.15,0.13,0.1,0.12,0.04,0.04,0.15,0.14,0.05,0.05,0.12,0.14,0.04,0.05,0.45,0.48,0.45,0.38,0.01,0.01,0.028,0.0244,0.046,0.039,0.028,0.029,0.028,0.04,0.083,0.095,0.23,D,FALSE
0.0152,0.0051,0.09,0.1,0,0.03,0.13,0.07,0.1,0.08,0,0.03,0.12,0.07,0.07,0.06,0.22,0.17,0.3,0.23,0.18,0.21,0.23,0.2,0.14,0.15,0.1,0.1,0.03,0.03,0.15,0.12,0.06,0.04,0.11,0.12,0.04,0.04,0.41,0.46,0.36,0.4,-0.03,-0.02,0.0223,0.0257,0.041,0.048,0.029,0.033,0.035,0.035,0.07,0.068,0.23,H,FALSE
0.0333,0.0165,0.14,0.11,0.13,0.03,0.16,0.12,0.15,0.14,0.13,0.13,0.14,0.16,0.14,0.14,0.14,0.18,0.07,0.23,0.13,0.16,0.11,0.19,0.17,0.13,0.11,0.12,0.04,0.04,0.13,0.11,0.04,0.04,0.11,0.12,0.04,0.04,0.48,0.5,0.27,0.27,0,0,0.0376,0.0346,0.042,0.043,0.028,0.032,0.027,0.025,0.092,0.059,0.23,H,FALSE
0.0435,0.0105,0.12,0.08,0,0.13,0.17,0.06,0.11,0.08,0.03,0.13,0.16,0.06,0.1,0.09,0.16,0.13,0.27,0.1,0.14,0.14,0.19,0.12,0.11,0.14,0.09,0.1,0.03,0.03,0.14,0.14,0.05,0.04,0.12,0.12,0.04,0.04,0.46,0.4,0.37,0.44,-0.03,0.01,0.0286,0.0216,0.048,0.041,0.029,0.033,0.03,0.038,0.086,0.104,0.23,D,FALSE
0.0082,0.0855,0.15,0.22,0.03,0.23,0.16,0.19,0.08,0.21,0.03,0.17,0.07,0.19,0.06,0.19,0.09,0.07,0.1,0,0.07,0.1,0.09,0.06,0.06,0.14,0.1,0.13,0.03,0.05,0.15,0.11,0.04,0.04,0.11,0.14,0.04,0.04,0.44,0.55,0.33,0.37,-0.02,0.02,0.047,0.064,0.044,0.041,0.029,0.029,0.042,0.022,0.172,0.164,0.23,A,FALSE
0.0559,0.0215,0.17,0.11,0.07,0.23,0.24,0.08,0.18,0.09,0.13,0.1,0.25,0.06,0.19,0.08,0.13,0.14,0.17,0.03,0.11,0.14,0.14,0.1,0.14,0.11,0.16,0.12,0.06,0.04,0.11,0.12,0.04,0.05,0.14,0.12,0.06,0.04,0.62,0.45,0.37,0.54,-0.01,0.02,0.0483,0.034,0.04,0.036,0.025,0.032,0.036,0.042,0.086,0.087,0.23,H,TRUE
0.0061,0.0874,0.1,0.2,0.07,0.17,0.14,0.19,0.07,0.18,0.07,0.23,0.11,0.18,0.08,0.2,0.13,0.07,0.13,0.07,0.13,0.08,0.13,0.07,0.08,0.16,0.1,0.16,0.03,0.06,0.14,0.1,0.05,0.03,0.1,0.15,0.03,0.05,0.44,0.56,0.38,0.37,-0.01,0,0.0187,0.0629,0.044,0.035,0.032,0.028,0.042,0.033,0.113,0.142,0.23,A,TRUE
0.0147,0.0559,0.08,0.18,0.13,0.13,0.09,0.11,0.06,0.19,0.07,0.23,0.06,0.12,0.06,0.18,0.15,0.13,0.1,0.17,0.14,0.15,0.13,0.15,0.11,0.15,0.09,0.16,0.03,0.06,0.14,0.11,0.05,0.04,0.1,0.15,0.03,0.06,0.45,0.62,0.26,0.37,0.01,0.01,0.0248,0.049,0.051,0.04,0.031,0.025,0.046,0.034,0.097,0.086,0.24,H,TRUE
0.0286,0.0215,0.11,0.1,0.17,0.2,0.14,0.08,0.12,0.09,0.2,0.13,0.12,0.06,0.15,0.09,0.18,0.15,0.1,0.17,0.14,0.16,0.14,0.16,0.15,0.12,0.1,0.12,0.04,0.04,0.15,0.12,0.05,0.05,0.11,0.14,0.04,0.04,0.45,0.45,0.45,0.54,0,-0.01,0.0275,0.0326,0.046,0.036,0.028,0.032,0.028,0.042,0.085,0.081,0.24,D,FALSE
0.0051,0.0899,0.1,0.2,0,0.2,0.13,0.18,0.08,0.22,0.03,0.2,0.09,0.24,0.07,0.22,0.17,0.12,0.3,0.17,0.13,0.18,0.2,0.16,0.11,0.21,0.1,0.17,0.03,0.06,0.12,0.07,0.04,0.03,0.08,0.14,0.03,0.05,0.46,0.61,0.4,0.36,-0.03,-0.01,0.0246,0.0592,0.048,0.036,0.033,0.027,0.036,0.027,0.068,0.061,0.24,A,TRUE
0.0874,0.0164,0.21,0.1,0.17,0.17,0.22,0.08,0.19,0.1,0.2,0.17,0.18,0.08,0.19,0.12,0.07,0.15,0.07,0.13,0.06,0.15,0.06,0.14,0.17,0.09,0.16,0.12,0.06,0.04,0.1,0.14,0.03,0.05,0.15,0.11,0.05,0.04,0.56,0.48,0.37,0.38,0.01,0,0.0611,0.0246,0.035,0.039,0.028,0.029,0.031,0.04,0.148,0.096,0.24,A,TRUE
0.0435,0.0333,0.12,0.14,0.03,0.23,0.17,0.12,0.11,0.15,0.03,0.17,0.15,0.15,0.1,0.16,0.16,0.13,0.23,0,0.13,0.15,0.18,0.09,0.1,0.17,0.09,0.11,0.03,0.04,0.14,0.13,0.05,0.04,0.11,0.13,0.04,0.04,0.46,0.48,0.37,0.27,0,0.01,0.0279,0.0381,0.048,0.042,0.029,0.028,0.03,0.027,0.088,0.096,0.24,H,TRUE
0.0176,0.0082,0.1,0.14,0.13,0,0.1,0.14,0.09,0.08,0.1,0.03,0.08,0.09,0.09,0.07,0.14,0.09,0.13,0.13,0.12,0.1,0.13,0.11,0.1,0.1,0.12,0.1,0.04,0.03,0.13,0.15,0.04,0.04,0.13,0.11,0.04,0.04,0.42,0.44,0.35,0.33,-0.01,-0.03,0.0216,0.0451,0.035,0.044,0.03,0.029,0.043,0.044,0.089,0.17,0.24,D,FALSE
0.0266,0.0061,0.09,0.1,0.07,0.03,0.11,0.07,0.1,0.07,0.13,0.07,0.12,0.04,0.12,0.06,0.15,0.14,0.17,0.27,0.14,0.12,0.15,0.18,0.15,0.11,0.12,0.1,0.04,0.03,0.13,0.14,0.05,0.05,0.13,0.11,0.04,0.04,0.52,0.44,0.35,0.38,0,-0.02,0.0258,0.0179,0.044,0.044,0.031,0.032,0.038,0.043,0.089,0.103,0.24,D,FALSE
0.1006,0.0105,0.27,0.08,0.2,0.13,0.28,0.06,0.29,0.08,0.3,0.13,0.35,0.06,0.31,0.09,0.08,0.13,0.2,0.1,0.08,0.13,0.12,0.12,0.22,0.1,0.17,0.1,0.07,0.03,0.06,0.14,0.02,0.04,0.15,0.08,0.06,0.03,0.72,0.4,0.49,0.44,0.01,0,0.0868,0.0225,0.042,0.041,0.025,0.033,0.023,0.038,0.081,0.105,0.24,H,TRUE
0.0152,0.0165,0.1,0.11,0.1,0.03,0.14,0.11,0.1,0.14,0.07,0.1,0.12,0.14,0.1,0.13,0.21,0.18,0.13,0.23,0.17,0.16,0.17,0.19,0.14,0.15,0.1,0.12,0.03,0.04,0.15,0.11,0.06,0.04,0.1,0.13,0.04,0.05,0.41,0.5,0.36,0.27,0.01,-0.01,0.022,0.0332,0.041,0.043,0.029,0.032,0.033,0.026,0.073,0.059,0.24,D,FALSE
0.0834,0.0855,0.19,0.22,0.17,0.3,0.21,0.2,0.2,0.2,0.2,0.2,0.22,0.18,0.2,0.2,0.09,0.07,0.07,0,0.08,0.09,0.08,0.05,0.13,0.14,0.16,0.13,0.06,0.05,0.09,0.11,0.03,0.04,0.14,0.11,0.05,0.04,0.62,0.55,0.38,0.37,0,0.03,0.0465,0.0624,0.038,0.041,0.029,0.029,0.029,0.023,0.102,0.171,0.24,H,FALSE
0.0165,0.0874,0.11,0.2,0.07,0.13,0.11,0.2,0.13,0.18,0.07,0.13,0.13,0.2,0.11,0.17,0.18,0.08,0.13,0.1,0.21,0.08,0.17,0.08,0.1,0.17,0.12,0.16,0.04,0.06,0.11,0.1,0.04,0.03,0.11,0.13,0.03,0.05,0.5,0.56,0.27,0.37,0,-0.01,0.0324,0.0586,0.043,0.035,0.032,0.028,0.027,0.032,0.062,0.131,0.25,H,TRUE
0.0215,0.0176,0.1,0.1,0.13,0.07,0.13,0.09,0.09,0.09,0.1,0.1,0.12,0.1,0.11,0.1,0.15,0.14,0.17,0.17,0.15,0.17,0.16,0.16,0.13,0.13,0.12,0.12,0.04,0.04,0.12,0.13,0.05,0.04,0.13,0.12,0.04,0.04,0.45,0.42,0.54,0.35,0,0,0.0324,0.0211,0.036,0.035,0.032,0.03,0.042,0.043,0.082,0.09,0.25,D,FALSE
0.0899,0.0834,0.2,0.19,0.2,0.23,0.22,0.17,0.23,0.2,0.23,0.23,0.21,0.18,0.22,0.2,0.12,0.09,0.13,0.03,0.06,0.11,0.1,0.08,0.15,0.15,0.17,0.16,0.06,0.06,0.07,0.09,0.03,0.03,0.13,0.12,0.05,0.04,0.61,0.62,0.36,0.38,0.01,0.01,0.0575,0.0549,0.036,0.038,0.027,0.029,0.027,0.029,0.064,0.106,0.25,D,TRUE
0.0082,0.1006,0.14,0.27,0.03,0.2,0.14,0.26,0.08,0.29,0.03,0.3,0.07,0.23,0.06,0.28,0.09,0.07,0.1,0.17,0.08,0.08,0.09,0.1,0.08,0.18,0.1,0.17,0.03,0.07,0.15,0.06,0.04,0.02,0.08,0.16,0.03,0.06,0.44,0.72,0.33,0.49,0,0.02,0.044,0.0846,0.044,0.042,0.029,0.025,0.043,0.023,0.17,0.085,0.25,D,FALSE
0.0164,0.0152,0.11,0.1,0.23,0.13,0.12,0.05,0.11,0.1,0.2,0.07,0.13,0.08,0.15,0.08,0.14,0.2,0.07,0.1,0.15,0.25,0.12,0.18,0.17,0.1,0.12,0.1,0.04,0.03,0.14,0.15,0.05,0.06,0.14,0.12,0.05,0.04,0.48,0.41,0.38,0.36,0.01,0,0.0341,0.0218,0.039,0.041,0.029,0.029,0.037,0.035,0.1,0.076,0.25,H,TRUE
0.0061,0.0286,0.1,0.11,0.03,0.17,0.12,0.08,0.07,0.12,0.03,0.2,0.1,0.13,0.07,0.15,0.14,0.17,0.23,0.1,0.15,0.2,0.17,0.16,0.11,0.16,0.1,0.1,0.03,0.04,0.14,0.15,0.05,0.05,0.12,0.12,0.04,0.04,0.44,0.45,0.38,0.45,0,0,0.0182,0.0272,0.044,0.046,0.032,0.028,0.043,0.028,0.105,0.086,0.25,H,TRUE
0.0333,0.0147,0.14,0.09,0.13,0.23,0.17,0.08,0.15,0.07,0.1,0.17,0.15,0.07,0.13,0.1,0.14,0.14,0.07,0.07,0.12,0.15,0.11,0.12,0.13,0.1,0.11,0.09,0.04,0.03,0.13,0.14,0.04,0.05,0.13,0.11,0.05,0.04,0.48,0.45,0.27,0.26,-0.01,0.02,0.0366,0.0305,0.042,0.051,0.028,0.031,0.027,0.04,0.094,0.098,0.25,D,FALSE
0.0855,0.0051,0.21,0.1,0.2,0,0.24,0.07,0.2,0.08,0.13,0.03,0.22,0.07,0.18,0.06,0.07,0.18,0.07,0.3,0.04,0.21,0.06,0.23,0.21,0.06,0.13,0.1,0.05,0.03,0.11,0.12,0.04,0.04,0.13,0.1,0.04,0.03,0.55,0.46,0.37,0.4,-0.01,-0.04,0.0599,0.0236,0.041,0.048,0.029,0.033,0.024,0.038,0.159,0.066,0.25,H,FALSE
0.0105,0.0266,0.08,0.09,0.13,0.1,0.11,0.07,0.08,0.1,0.1,0.13,0.1,0.08,0.09,0.11,0.14,0.14,0.13,0.13,0.12,0.16,0.13,0.14,0.12,0.12,0.1,0.12,0.03,0.04,0.14,0.13,0.04,0.05,0.11,0.13,0.04,0.04,0.4,0.52,0.44,0.35,-0.01,0,0.0216,0.025,0.041,0.044,0.033,0.031,0.039,0.038,0.1,0.09,0.25,A,TRUE
0.0559,0.0435,0.17,0.12,0.1,0.13,0.24,0.07,0.18,0.11,0.2,0.1,0.26,0.07,0.21,0.09,0.14,0.16,0.2,0.2,0.11,0.19,0.15,0.18,0.2,0.12,0.16,0.09,0.06,0.03,0.11,0.14,0.04,0.05,0.15,0.1,0.06,0.04,0.62,0.46,0.37,0.37,-0.01,0.01,0.047,0.0307,0.04,0.048,0.025,0.029,0.034,0.029,0.082,0.089,0.25,H,TRUE
0.0874,0.0105,0.19,0.08,0.1,0.03,0.2,0.05,0.18,0.08,0.17,0.1,0.16,0.05,0.17,0.08,0.09,0.14,0.23,0.23,0.08,0.15,0.13,0.17,0.17,0.11,0.16,0.1,0.06,0.03,0.1,0.14,0.03,0.04,0.15,0.1,0.05,0.03,0.56,0.4,0.37,0.44,-0.02,-0.02,0.0564,0.0208,0.035,0.041,0.028,0.033,0.033,0.037,0.113,0.096,0.26,H,TRUE
0.0051,0.0164,0.09,0.12,0,0.23,0.12,0.1,0.07,0.12,0,0.2,0.08,0.09,0.05,0.14,0.18,0.14,0.23,0.07,0.15,0.14,0.19,0.12,0.08,0.16,0.1,0.12,0.03,0.04,0.12,0.14,0.04,0.05,0.12,0.12,0.04,0.04,0.46,0.48,0.4,0.38,-0.05,0.02,0.0227,0.0345,0.048,0.039,0.033,0.029,0.039,0.036,0.065,0.102,0.26,H,TRUE
0.0176,0.0855,0.1,0.22,0.07,0.2,0.1,0.18,0.09,0.2,0.1,0.1,0.08,0.17,0.09,0.16,0.14,0.07,0.17,0.07,0.12,0.1,0.14,0.08,0.09,0.15,0.12,0.13,0.04,0.05,0.13,0.11,0.04,0.04,0.12,0.13,0.04,0.04,0.42,0.55,0.35,0.37,0,0.01,0.0211,0.0582,0.035,0.041,0.03,0.029,0.043,0.024,0.091,0.166,0.26,H,FALSE
0.0266,0.0899,0.1,0.2,0.17,0.13,0.11,0.18,0.11,0.23,0.17,0.17,0.11,0.25,0.13,0.21,0.15,0.12,0.13,0.1,0.14,0.17,0.14,0.13,0.13,0.18,0.12,0.17,0.04,0.06,0.13,0.07,0.05,0.03,0.1,0.15,0.03,0.05,0.52,0.61,0.35,0.36,0.01,0,0.0252,0.0585,0.044,0.036,0.031,0.027,0.035,0.027,0.089,0.062,0.26,A,FALSE
0.0834,0.0559,0.19,0.17,0.17,0.2,0.22,0.1,0.2,0.2,0.17,0.33,0.22,0.12,0.19,0.21,0.09,0.14,0.1,0.17,0.07,0.16,0.09,0.15,0.17,0.15,0.16,0.16,0.06,0.06,0.09,0.11,0.03,0.04,0.14,0.12,0.05,0.05,0.62,0.62,0.38,0.37,0,0.01,0.0562,0.0502,0.038,0.04,0.029,0.025,0.029,0.032,0.102,0.082,0.26,H,FALSE
0.0435,0.0215,0.12,0.1,0.13,0.07,0.18,0.08,0.11,0.09,0.13,0.1,0.15,0.06,0.13,0.08,0.17,0.15,0.23,0.2,0.13,0.15,0.18,0.17,0.15,0.13,0.09,0.12,0.03,0.04,0.14,0.12,0.05,0.05,0.11,0.13,0.04,0.04,0.46,0.45,0.37,0.54,-0.01,0,0.0296,0.0319,0.048,0.036,0.029,0.032,0.029,0.042,0.082,0.083,0.26,H,TRUE
0.0152,0.0061,0.09,0.1,0.13,0.13,0.14,0.07,0.1,0.08,0.1,0.13,0.12,0.05,0.11,0.09,0.2,0.14,0.07,0.2,0.15,0.12,0.14,0.15,0.13,0.11,0.1,0.1,0.03,0.03,0.15,0.14,0.06,0.05,0.12,0.13,0.04,0.04,0.41,0.44,0.36,0.38,-0.01,0.01,0.021,0.0208,0.041,0.044,0.029,0.032,0.035,0.038,0.076,0.105,0.26,D,FALSE
0.0147,0.0082,0.09,0.14,0.23,0.07,0.11,0.14,0.07,0.08,0.17,0.07,0.08,0.09,0.11,0.08,0.14,0.09,0.07,0.1,0.14,0.1,0.12,0.1,0.1,0.1,0.09,0.1,0.03,0.03,0.14,0.15,0.05,0.04,0.12,0.12,0.04,0.04,0.45,0.44,0.26,0.33,0,0,0.0307,0.0462,0.051,0.044,0.031,0.029,0.039,0.043,0.1,0.17,0.26,H,FALSE
0.0286,0.0165,0.1,0.12,0.07,0.13,0.13,0.11,0.12,0.14,0.1,0.13,0.12,0.13,0.11,0.14,0.18,0.17,0.17,0.1,0.14,0.15,0.16,0.14,0.13,0.15,0.1,0.12,0.04,0.04,0.15,0.11,0.05,0.04,0.1,0.13,0.04,0.04,0.45,0.5,0.45,0.27,-0.01,0.01,0.0262,0.0413,0.046,0.043,0.028,0.032,0.028,0.025,0.084,0.063,0.26,H,FALSE
0.1006,0.0333,0.26,0.14,0.23,0.13,0.28,0.11,0.29,0.15,0.23,0.13,0.35,0.15,0.29,0.14,0.07,0.14,0.07,0.1,0.07,0.15,0.07,0.13,0.21,0.11,0.17,0.11,0.07,0.04,0.06,0.13,0.02,0.04,0.15,0.09,0.06,0.03,0.72,0.48,0.49,0.27,0,0,0.0817,0.0357,0.042,0.042,0.025,0.028,0.024,0.027,0.084,0.095,0.26,H,TRUE
0.0215,0.0834,0.1,0.19,0.07,0.23,0.13,0.16,0.09,0.19,0.1,0.17,0.12,0.18,0.11,0.18,0.16,0.09,0.17,0.07,0.15,0.12,0.16,0.09,0.1,0.17,0.12,0.16,0.04,0.06,0.12,0.09,0.05,0.03,0.11,0.14,0.04,0.05,0.45,0.62,0.54,0.38,-0.01,0.01,0.0307,0.0604,0.036,0.038,0.032,0.029,0.041,0.029,0.08,0.105,0.27,A,FALSE
0.0855,0.0874,0.21,0.2,0.1,0.1,0.25,0.18,0.19,0.18,0.07,0.13,0.22,0.19,0.16,0.17,0.07,0.08,0.1,0.23,0.04,0.1,0.07,0.14,0.15,0.12,0.13,0.16,0.05,0.06,0.11,0.1,0.04,0.03,0.12,0.14,0.04,0.05,0.55,0.56,0.37,0.37,-0.01,0.01,0.056,0.0554,0.041,0.035,0.029,0.028,0.025,0.032,0.164,0.117,0.27,H,TRUE
0.0333,0.0152,0.13,0.09,0.03,0.07,0.16,0.05,0.14,0.1,0.1,0.07,0.15,0.08,0.13,0.08,0.15,0.2,0.27,0.1,0.12,0.25,0.18,0.18,0.16,0.13,0.11,0.1,0.04,0.03,0.13,0.15,0.04,0.06,0.13,0.11,0.05,0.04,0.48,0.41,0.27,0.36,-0.01,0,0.0344,0.0204,0.042,0.041,0.028,0.029,0.028,0.035,0.087,0.078,0.27,D,FALSE
0.0164,0.0176,0.12,0.1,0.2,0.17,0.14,0.09,0.12,0.09,0.2,0.1,0.14,0.1,0.15,0.1,0.15,0.13,0.17,0.07,0.15,0.16,0.16,0.12,0.14,0.13,0.12,0.12,0.04,0.04,0.14,0.13,0.05,0.04,0.12,0.13,0.04,0.04,0.48,0.42,0.38,0.35,-0.01,0.01,0.0332,0.0298,0.039,0.035,0.029,0.03,0.036,0.042,0.095,0.095,0.27,D,TRUE
0.0061,0.0147,0.1,0.1,0.17,0.23,0.14,0.08,0.08,0.07,0.17,0.17,0.12,0.07,0.12,0.1,0.13,0.14,0.1,0.07,0.15,0.15,0.13,0.12,0.12,0.11,0.1,0.09,0.03,0.03,0.14,0.14,0.05,0.05,0.12,0.12,0.04,0.04,0.44,0.45,0.38,0.26,0,0.01,0.0206,0.0304,0.044,0.051,0.032,0.031,0.038,0.039,0.107,0.104,0.27,H,TRUE
0.0082,0.0266,0.13,0.1,0.07,0.13,0.14,0.09,0.08,0.1,0.07,0.13,0.07,0.1,0.07,0.11,0.09,0.15,0.1,0.17,0.08,0.16,0.09,0.16,0.11,0.1,0.1,0.12,0.03,0.04,0.15,0.13,0.04,0.05,0.11,0.13,0.04,0.04,0.44,0.52,0.33,0.35,-0.01,-0.01,0.0444,0.0243,0.044,0.044,0.029,0.031,0.044,0.037,0.169,0.088,0.27,D,FALSE
0.0899,0.0286,0.2,0.11,0.23,0.13,0.21,0.08,0.23,0.13,0.23,0.13,0.21,0.13,0.22,0.13,0.12,0.17,0.07,0.13,0.07,0.21,0.08,0.17,0.2,0.11,0.17,0.1,0.06,0.04,0.07,0.15,0.03,0.05,0.16,0.09,0.06,0.03,0.61,0.45,0.36,0.45,0.01,0.01,0.0593,0.0271,0.036,0.046,0.027,0.028,0.027,0.028,0.065,0.087,0.27,H,TRUE
0.0105,0.0051,0.07,0.1,0,0.1,0.1,0.06,0.08,0.08,0.07,0.13,0.11,0.06,0.08,0.09,0.15,0.17,0.3,0.2,0.14,0.21,0.2,0.19,0.14,0.14,0.1,0.1,0.03,0.03,0.14,0.12,0.04,0.04,0.11,0.12,0.04,0.04,0.4,0.46,0.44,0.4,-0.03,0.01,0.02,0.0237,0.041,0.048,0.033,0.033,0.038,0.034,0.092,0.066,0.27,A,TRUE
0.0165,0.0435,0.11,0.13,0.13,0.2,0.12,0.06,0.14,0.12,0.13,0.2,0.15,0.07,0.14,0.13,0.17,0.17,0.1,0.23,0.2,0.22,0.16,0.21,0.17,0.14,0.12,0.09,0.04,0.03,0.11,0.14,0.04,0.05,0.13,0.1,0.04,0.04,0.5,0.46,0.27,0.37,-0.01,0.01,0.0397,0.0309,0.043,0.048,0.032,0.029,0.026,0.027,0.062,0.084,0.27,H,FALSE
0.0559,0.1006,0.17,0.27,0.1,0.23,0.25,0.25,0.19,0.29,0.2,0.3,0.28,0.22,0.22,0.27,0.13,0.07,0.17,0.07,0.11,0.08,0.14,0.07,0.15,0.2,0.16,0.17,0.06,0.07,0.11,0.06,0.04,0.02,0.11,0.14,0.04,0.05,0.62,0.72,0.37,0.49,-0.01,0.01,0.0484,0.0823,0.04,0.042,0.025,0.025,0.033,0.023,0.084,0.083,0.27,A,TRUE
0.0215,0.0855,0.1,0.21,0.03,0.2,0.12,0.17,0.09,0.19,0.07,0.13,0.11,0.16,0.09,0.16,0.15,0.07,0.17,0.07,0.14,0.1,0.15,0.08,0.08,0.16,0.12,0.13,0.04,0.05,0.12,0.11,0.05,0.04,0.12,0.13,0.04,0.05,0.45,0.55,0.54,0.37,-0.02,0.01,0.0296,0.0634,0.036,0.041,0.032,0.029,0.043,0.025,0.081,0.162,0.28,A,TRUE
0.0061,0.0559,0.11,0.16,0.23,0.1,0.15,0.09,0.09,0.18,0.27,0.17,0.14,0.11,0.17,0.15,0.13,0.14,0.1,0.17,0.14,0.16,0.12,0.15,0.16,0.14,0.1,0.16,0.03,0.06,0.14,0.11,0.05,0.04,0.11,0.15,0.04,0.06,0.44,0.62,0.38,0.37,0.01,-0.02,0.0215,0.0467,0.044,0.04,0.032,0.025,0.033,0.035,0.108,0.08,0.28,H,TRUE
0.1006,0.0874,0.27,0.19,0.23,0.1,0.29,0.17,0.29,0.18,0.3,0.17,0.36,0.19,0.32,0.18,0.07,0.09,0.07,0.2,0.07,0.11,0.07,0.13,0.22,0.12,0.17,0.16,0.07,0.06,0.06,0.1,0.02,0.03,0.14,0.11,0.05,0.04,0.72,0.56,0.49,0.37,0.02,-0.01,0.0854,0.0535,0.042,0.035,0.025,0.028,0.023,0.032,0.086,0.111,0.28,H,FALSE
0.0082,0.0435,0.13,0.12,0.07,0.1,0.14,0.06,0.08,0.11,0.07,0.13,0.07,0.06,0.07,0.1,0.09,0.17,0.1,0.23,0.08,0.21,0.09,0.2,0.14,0.1,0.1,0.09,0.03,0.03,0.15,0.14,0.04,0.05,0.12,0.12,0.04,0.04,0.44,0.46,0.33,0.37,0,-0.01,0.0438,0.0298,0.044,0.048,0.029,0.029,0.044,0.029,0.169,0.085,0.28,H,TRUE
0.0333,0.0164,0.13,0.11,0.07,0.13,0.16,0.09,0.14,0.12,0.1,0.17,0.14,0.09,0.13,0.13,0.15,0.15,0.23,0.23,0.11,0.16,0.16,0.18,0.15,0.15,0.11,0.12,0.04,0.04,0.13,0.14,0.04,0.05,0.13,0.13,0.04,0.04,0.48,0.48,0.27,0.38,0,0,0.0337,0.0327,0.042,0.039,0.028,0.029,0.028,0.035,0.088,0.094,0.28,D,FALSE
0.0266,0.0152,0.1,0.09,0.13,0.07,0.1,0.05,0.1,0.1,0.13,0.1,0.11,0.09,0.11,0.1,0.15,0.19,0.17,0.13,0.14,0.24,0.15,0.19,0.15,0.12,0.12,0.1,0.04,0.03,0.13,0.15,0.05,0.06,0.14,0.12,0.05,0.04,0.52,0.41,0.35,0.36,0,0,0.0237,0.0209,0.044,0.041,0.031,0.029,0.037,0.035,0.089,0.079,0.28,D,FALSE
0.0147,0.0286,0.1,0.11,0.13,0.1,0.12,0.07,0.08,0.12,0.1,0.13,0.08,0.13,0.08,0.13,0.15,0.18,0.17,0.23,0.13,0.22,0.15,0.21,0.15,0.14,0.09,0.1,0.03,0.04,0.14,0.15,0.05,0.05,0.12,0.12,0.04,0.04,0.45,0.45,0.26,0.45,-0.01,-0.01,0.0293,0.0261,0.051,0.046,0.031,0.028,0.038,0.028,0.097,0.083,0.28,H,TRUE
0.0834,0.0051,0.2,0.11,0.23,0.2,0.22,0.08,0.19,0.09,0.13,0.2,0.21,0.07,0.18,0.12,0.09,0.17,0.07,0.13,0.06,0.2,0.07,0.17,0.17,0.1,0.16,0.1,0.06,0.03,0.09,0.12,0.03,0.04,0.14,0.09,0.05,0.03,0.62,0.46,0.38,0.4,0.02,0.02,0.0605,0.024,0.038,0.048,0.029,0.033,0.03,0.032,0.109,0.068,0.28,H,FALSE
0.0165,0.0105,0.12,0.07,0.2,0,0.14,0.05,0.14,0.08,0.17,0.1,0.15,0.05,0.15,0.08,0.17,0.15,0.1,0.27,0.19,0.16,0.15,0.19,0.17,0.11,0.12,0.1,0.04,0.03,0.11,0.14,0.04,0.04,0.13,0.1,0.04,0.04,0.5,0.4,0.27,0.44,0.01,-0.04,0.043,0.0193,0.043,0.041,0.032,0.033,0.026,0.038,0.065,0.091,0.28,H,FALSE
0.0899,0.0176,0.2,0.1,0.23,0.17,0.21,0.09,0.23,0.1,0.27,0.13,0.22,0.11,0.24,0.11,0.11,0.14,0.1,0.1,0.07,0.16,0.09,0.13,0.19,0.1,0.17,0.12,0.06,0.04,0.07,0.13,0.03,0.04,0.15,0.1,0.05,0.03,0.61,0.42,0.36,0.35,0.02,0,0.0602,0.0294,0.036,0.035,0.027,0.03,0.026,0.041,0.065,0.092,0.28,H,FALSE
0.0152,0.1006,0.09,0.27,0.1,0.3,0.14,0.25,0.1,0.29,0.07,0.3,0.11,0.23,0.09,0.27,0.19,0.07,0.07,0.03,0.15,0.07,0.13,0.06,0.08,0.2,0.1,0.17,0.03,0.07,0.15,0.06,0.06,0.02,0.08,0.16,0.03,0.06,0.41,0.72,0.36,0.49,0,0.03,0.0211,0.0915,0.041,0.042,0.029,0.025,0.036,0.024,0.082,0.089,0.29,A,FALSE
0.0559,0.0165,0.16,0.12,0,0.2,0.23,0.1,0.18,0.13,0.03,0.07,0.26,0.12,0.16,0.11,0.14,0.16,0.2,0.07,0.12,0.15,0.15,0.13,0.14,0.13,0.16,0.12,0.06,0.04,0.11,0.11,0.04,0.04,0.13,0.11,0.05,0.04,0.62,0.5,0.37,0.27,-0.03,0.02,0.045,0.0426,0.04,0.043,0.025,0.032,0.035,0.027,0.079,0.067,0.29,H,TRUE
0.0164,0.0834,0.11,0.2,0.07,0.3,0.14,0.17,0.12,0.19,0.13,0.13,0.14,0.17,0.13,0.16,0.15,0.08,0.23,0,0.15,0.11,0.18,0.06,0.1,0.17,0.12,0.16,0.04,0.06,0.14,0.09,0.05,0.03,0.11,0.15,0.04,0.05,0.48,0.62,0.38,0.38,0,0.03,0.0327,0.059,0.039,0.038,0.029,0.029,0.036,0.03,0.095,0.113,0.29,A,TRUE
0.0855,0.0899,0.21,0.21,0.2,0.3,0.25,0.19,0.19,0.23,0.17,0.27,0.22,0.24,0.19,0.25,0.08,0.11,0.13,0.03,0.04,0.16,0.08,0.1,0.15,0.17,0.13,0.17,0.05,0.06,0.11,0.07,0.04,0.03,0.1,0.14,0.04,0.05,0.55,0.61,0.37,0.36,0.02,0.03,0.0634,0.06,0.041,0.036,0.029,0.027,0.024,0.027,0.151,0.067,0.29,H,TRUE
0.0435,0.0061,0.12,0.12,0.1,0.23,0.19,0.07,0.11,0.1,0.13,0.23,0.16,0.05,0.14,0.13,0.17,0.13,0.13,0.1,0.13,0.12,0.14,0.12,0.13,0.14,0.09,0.1,0.03,0.03,0.14,0.14,0.05,0.05,0.12,0.12,0.04,0.04,0.46,0.44,0.37,0.38,-0.02,0.02,0.0287,0.0265,0.048,0.044,0.029,0.032,0.029,0.032,0.084,0.109,0.29,H,FALSE
0.0051,0.0147,0.1,0.1,0.2,0.2,0.14,0.07,0.09,0.09,0.2,0.2,0.11,0.07,0.13,0.12,0.17,0.14,0.13,0.17,0.14,0.16,0.15,0.16,0.14,0.13,0.1,0.09,0.03,0.03,0.12,0.14,0.04,0.05,0.12,0.1,0.04,0.04,0.46,0.45,0.4,0.26,-0.01,0.01,0.0232,0.0313,0.048,0.051,0.033,0.031,0.033,0.033,0.067,0.098,0.29,D,FALSE
0.0176,0.0266,0.1,0.1,0.13,0.07,0.11,0.09,0.09,0.1,0.1,0.03,0.09,0.1,0.09,0.08,0.14,0.14,0.13,0.1,0.11,0.15,0.13,0.13,0.11,0.1,0.12,0.12,0.04,0.04,0.13,0.13,0.04,0.05,0.12,0.12,0.04,0.04,0.42,0.52,0.35,0.35,-0.01,0,0.0283,0.0234,0.035,0.044,0.03,0.031,0.042,0.038,0.091,0.092,0.29,H,TRUE
0.0105,0.0333,0.07,0.13,0,0.07,0.09,0.1,0.08,0.14,0.03,0.1,0.11,0.14,0.07,0.13,0.15,0.14,0.2,0.23,0.14,0.18,0.16,0.19,0.13,0.15,0.1,0.11,0.03,0.04,0.14,0.13,0.04,0.04,0.11,0.12,0.04,0.04,0.4,0.48,0.44,0.27,-0.05,0,0.0187,0.0331,0.041,0.042,0.033,0.028,0.039,0.028,0.092,0.088,0.29,A,TRUE
0.0286,0.0082,0.1,0.14,0.1,0.13,0.15,0.13,0.12,0.08,0.13,0.1,0.12,0.09,0.13,0.09,0.19,0.09,0.27,0.1,0.13,0.1,0.19,0.1,0.11,0.14,0.1,0.1,0.04,0.03,0.15,0.15,0.05,0.04,0.12,0.12,0.04,0.04,0.45,0.44,0.45,0.33,-0.02,0.01,0.0252,0.0468,0.046,0.044,0.028,0.029,0.028,0.042,0.08,0.167,0.29,A,TRUE
0.0874,0.0215,0.18,0.09,0.1,0,0.21,0.07,0.17,0.09,0.13,0.1,0.17,0.06,0.16,0.09,0.09,0.16,0.1,0.23,0.07,0.16,0.09,0.19,0.17,0.09,0.16,0.12,0.06,0.04,0.1,0.12,0.03,0.05,0.14,0.11,0.05,0.04,0.56,0.45,0.37,0.54,-0.02,-0.03,0.0516,0.0286,0.035,0.036,0.028,0.032,0.034,0.041,0.11,0.078,0.29,H,TRUE
0.0164,0.0105,0.11,0.07,0.07,0,0.13,0.05,0.12,0.08,0.13,0.07,0.14,0.05,0.13,0.06,0.16,0.16,0.23,0.23,0.17,0.15,0.19,0.18,0.16,0.13,0.12,0.1,0.04,0.03,0.14,0.14,0.05,0.04,0.13,0.12,0.04,0.04,0.48,0.4,0.38,0.44,-0.01,-0.06,0.0316,0.018,0.039,0.041,0.029,0.033,0.036,0.039,0.09,0.086,0.3,H,TRUE
0.0051,0.0215,0.1,0.09,0.13,0,0.13,0.07,0.08,0.09,0.07,0.1,0.1,0.07,0.08,0.09,0.17,0.16,0.1,0.2,0.13,0.17,0.13,0.18,0.13,0.11,0.1,0.12,0.03,0.04,0.12,0.12,0.04,0.05,0.11,0.12,0.04,0.04,0.46,0.45,0.4,0.54,0,-0.04,0.0229,0.0276,0.048,0.036,0.033,0.032,0.035,0.041,0.069,0.078,0.3,A,FALSE
0.0152,0.0435,0.09,0.12,0.07,0.1,0.13,0.05,0.09,0.12,0.03,0.1,0.11,0.07,0.08,0.09,0.19,0.16,0.1,0.1,0.15,0.21,0.15,0.16,0.12,0.12,0.1,0.09,0.03,0.03,0.15,0.14,0.06,0.05,0.12,0.12,0.04,0.05,0.41,0.46,0.36,0.37,-0.01,0.01,0.0204,0.0284,0.041,0.048,0.029,0.029,0.037,0.028,0.081,0.087,0.3,A,TRUE
0.0899,0.0165,0.2,0.12,0.2,0.2,0.22,0.09,0.23,0.13,0.23,0.07,0.22,0.11,0.23,0.1,0.11,0.17,0.1,0.1,0.07,0.16,0.09,0.14,0.18,0.1,0.17,0.12,0.06,0.04,0.07,0.11,0.03,0.04,0.14,0.1,0.05,0.03,0.61,0.5,0.36,0.27,-0.01,-0.01,0.058,0.0412,0.036,0.043,0.027,0.032,0.027,0.027,0.066,0.065,0.3,H,TRUE
0.0559,0.0152,0.16,0.09,0.1,0.03,0.23,0.05,0.18,0.09,0.13,0.03,0.26,0.08,0.19,0.07,0.14,0.19,0.17,0.13,0.11,0.22,0.14,0.18,0.19,0.1,0.16,0.1,0.06,0.03,0.11,0.15,0.04,0.06,0.15,0.11,0.06,0.04,0.62,0.41,0.37,0.36,0.01,-0.02,0.0452,0.0197,0.04,0.041,0.025,0.029,0.035,0.037,0.081,0.081,0.305,H,TRUE
0.0874,0.0834,0.19,0.2,0.1,0.3,0.21,0.18,0.17,0.2,0.1,0.23,0.17,0.19,0.15,0.21,0.09,0.08,0.13,0.03,0.07,0.11,0.1,0.07,0.11,0.15,0.16,0.16,0.06,0.06,0.1,0.09,0.03,0.03,0.13,0.13,0.05,0.04,0.56,0.62,0.37,0.38,0.01,0.04,0.0521,0.0586,0.035,0.038,0.028,0.029,0.033,0.029,0.11,0.113,0.3,A,TRUE
0.0215,0.0899,0.1,0.2,0.1,0.2,0.11,0.18,0.1,0.24,0.17,0.27,0.12,0.23,0.13,0.24,0.16,0.11,0.17,0.07,0.15,0.16,0.16,0.11,0.12,0.2,0.12,0.17,0.04,0.06,0.12,0.07,0.05,0.03,0.1,0.15,0.03,0.05,0.45,0.61,0.54,0.36,0.01,0.01,0.0272,0.0577,0.036,0.036,0.032,0.027,0.04,0.026,0.08,0.067,0.31,A,TRUE
0.0061,0.0333,0.11,0.13,0.2,0.17,0.16,0.11,0.09,0.15,0.2,0.2,0.14,0.16,0.14,0.17,0.13,0.14,0.13,0.1,0.14,0.17,0.14,0.14,0.14,0.15,0.1,0.11,0.03,0.04,0.14,0.13,0.05,0.04,0.11,0.13,0.04,0.04,0.44,0.48,0.38,0.27,-0.01,0.01,0.0256,0.0331,0.044,0.042,0.032,0.028,0.033,0.027,0.107,0.09,0.3,A,FALSE
0.0855,0.0147,0.22,0.1,0.3,0.13,0.25,0.07,0.19,0.08,0.23,0.17,0.22,0.07,0.22,0.11,0.08,0.14,0.13,0.17,0.05,0.15,0.09,0.15,0.18,0.1,0.13,0.09,0.05,0.03,0.11,0.14,0.04,0.05,0.14,0.1,0.05,0.03,0.55,0.45,0.37,0.26,0.03,0,0.0703,0.0304,0.041,0.051,0.029,0.031,0.024,0.034,0.149,0.101,0.3,H,FALSE
0.0176,0.0051,0.11,0.1,0.13,0.03,0.13,0.07,0.1,0.08,0.17,0,0.1,0.07,0.12,0.05,0.13,0.17,0.13,0.13,0.1,0.2,0.12,0.17,0.14,0.09,0.12,0.1,0.04,0.03,0.13,0.12,0.04,0.04,0.12,0.11,0.04,0.03,0.42,0.46,0.35,0.4,0.01,-0.01,0.0301,0.0221,0.035,0.048,0.03,0.033,0.039,0.035,0.095,0.069,0.305,H,FALSE
0.0165,0.0164,0.12,0.12,0.1,0.13,0.15,0.09,0.13,0.12,0.03,0.13,0.15,0.09,0.1,0.12,0.18,0.16,0.27,0.2,0.17,0.15,0.21,0.17,0.14,0.16,0.12,0.12,0.04,0.04,0.11,0.14,0.04,0.05,0.13,0.12,0.04,0.04,0.5,0.48,0.27,0.38,-0.02,0.01,0.0398,0.0316,0.043,0.039,0.032,0.029,0.028,0.035,0.061,0.091,0.31,D,TRUE
0.0105,0.0082,0.06,0.14,0,0.23,0.09,0.14,0.08,0.09,0.07,0.2,0.11,0.1,0.08,0.13,0.16,0.09,0.23,0.07,0.16,0.09,0.18,0.08,0.08,0.16,0.1,0.1,0.03,0.03,0.14,0.15,0.04,0.04,0.12,0.12,0.04,0.04,0.4,0.44,0.44,0.33,-0.07,0.02,0.0175,0.0481,0.041,0.044,0.033,0.029,0.039,0.038,0.086,0.172,0.305,A,TRUE
0.0286,0.0266,0.1,0.09,0,0.07,0.14,0.09,0.12,0.1,0.07,0.03,0.11,0.09,0.1,0.07,0.19,0.15,0.37,0.13,0.14,0.16,0.23,0.15,0.12,0.15,0.1,0.12,0.04,0.04,0.15,0.13,0.05,0.05,0.11,0.13,0.04,0.04,0.45,0.52,0.45,0.35,-0.03,-0.01,0.0244,0.0227,0.046,0.044,0.028,0.031,0.029,0.039,0.078,0.088,0.3,H,TRUE
0.0435,0.1006,0.13,0.27,0.2,0.3,0.19,0.25,0.12,0.28,0.17,0.2,0.17,0.23,0.15,0.24,0.16,0.07,0.1,0,0.12,0.07,0.13,0.04,0.1,0.18,0.09,0.17,0.03,0.07,0.14,0.06,0.05,0.02,0.08,0.16,0.03,0.06,0.46,0.72,0.37,0.49,0.02,0.04,0.0289,0.09,0.048,0.042,0.029,0.025,0.027,0.024,0.088,0.091,0.305,A,TRUE
0.0559,0.0266,0.16,0.09,0.2,0.03,0.24,0.08,0.19,0.09,0.23,0,0.26,0.09,0.23,0.06,0.13,0.15,0.07,0.2,0.11,0.17,0.1,0.18,0.2,0.08,0.16,0.12,0.06,0.04,0.11,0.13,0.04,0.05,0.14,0.11,0.05,0.04,0.62,0.52,0.37,0.35,0.02,-0.02,0.0452,0.0219,0.04,0.044,0.025,0.031,0.034,0.041,0.084,0.085,0.31,H,TRUE
0.0874,0.0286,0.18,0.11,0.1,0.1,0.2,0.07,0.17,0.13,0.1,0.13,0.17,0.12,0.15,0.13,0.1,0.18,0.17,0.23,0.09,0.23,0.12,0.22,0.18,0.12,0.16,0.1,0.06,0.04,0.1,0.15,0.03,0.05,0.15,0.1,0.05,0.03,0.56,0.45,0.37,0.45,-0.01,0.01,0.0504,0.0261,0.035,0.046,0.028,0.028,0.034,0.028,0.102,0.081,0.31,D,FALSE
0.0435,0.0899,0.12,0.21,0.2,0.2,0.18,0.19,0.12,0.23,0.17,0.27,0.16,0.23,0.15,0.24,0.17,0.11,0.13,0.1,0.13,0.16,0.14,0.12,0.14,0.19,0.09,0.17,0.03,0.06,0.14,0.07,0.05,0.03,0.08,0.16,0.03,0.05,0.46,0.61,0.37,0.36,-0.01,0.02,0.028,0.0579,0.048,0.036,0.029,0.027,0.027,0.026,0.086,0.068,0.32,D,FALSE
0.0164,0.0215,0.12,0.09,0.13,0.1,0.14,0.08,0.12,0.1,0.17,0.13,0.14,0.08,0.14,0.1,0.16,0.16,0.23,0.13,0.16,0.16,0.18,0.15,0.15,0.14,0.12,0.12,0.04,0.04,0.14,0.12,0.05,0.05,0.12,0.13,0.04,0.04,0.48,0.45,0.38,0.54,0,-0.01,0.0311,0.0264,0.039,0.036,0.029,0.032,0.034,0.04,0.091,0.08,0.32,D,TRUE
0.0061,0.0051,0.11,0.1,0.1,0.03,0.15,0.07,0.09,0.08,0.07,0,0.13,0.06,0.1,0.05,0.14,0.17,0.17,0.1,0.14,0.19,0.15,0.15,0.12,0.1,0.1,0.1,0.03,0.03,0.14,0.12,0.05,0.04,0.11,0.12,0.04,0.04,0.44,0.46,0.38,0.4,-0.02,-0.02,0.0248,0.0215,0.044,0.048,0.032,0.033,0.034,0.037,0.105,0.07,0.315,D,FALSE
0.0333,0.0176,0.14,0.11,0.23,0.2,0.15,0.09,0.15,0.1,0.23,0.13,0.14,0.1,0.18,0.11,0.14,0.13,0.07,0.07,0.11,0.17,0.11,0.12,0.15,0.11,0.11,0.12,0.04,0.04,0.13,0.13,0.04,0.04,0.12,0.12,0.04,0.04,0.48,0.42,0.27,0.35,0.02,0.02,0.0326,0.0296,0.042,0.035,0.028,0.03,0.026,0.039,0.092,0.098,0.31,A,TRUE
0.0152,0.0834,0.08,0.21,0,0.3,0.12,0.19,0.09,0.2,0.03,0.3,0.11,0.19,0.08,0.23,0.19,0.08,0.23,0.07,0.16,0.11,0.19,0.09,0.08,0.21,0.1,0.16,0.03,0.06,0.15,0.09,0.06,0.03,0.1,0.16,0.03,0.06,0.41,0.62,0.36,0.38,-0.03,0.05,0.0191,0.0652,0.041,0.038,0.029,0.029,0.038,0.028,0.08,0.112,0.315,A,TRUE
0.0165,0.0082,0.12,0.15,0.03,0.3,0.14,0.15,0.13,0.09,0.07,0.23,0.15,0.11,0.12,0.14,0.18,0.09,0.33,0.07,0.18,0.09,0.23,0.08,0.1,0.19,0.12,0.1,0.04,0.03,0.11,0.15,0.04,0.04,0.13,0.1,0.04,0.04,0.5,0.44,0.27,0.33,0,0.03,0.0391,0.0476,0.043,0.044,0.032,0.029,0.028,0.037,0.061,0.172,0.315,A,TRUE
0.0105,0.0147,0.06,0.1,0,0.13,0.08,0.07,0.08,0.08,0.1,0.13,0.11,0.06,0.09,0.09,0.16,0.14,0.27,0.1,0.16,0.16,0.2,0.13,0.11,0.14,0.1,0.09,0.03,0.03,0.14,0.14,0.04,0.05,0.12,0.11,0.04,0.04,0.4,0.45,0.44,0.26,-0.08,-0.01,0.0169,0.0294,0.041,0.051,0.033,0.031,0.038,0.035,0.085,0.1,0.315,D,FALSE
0.1006,0.0855,0.27,0.22,0.3,0.3,0.29,0.18,0.28,0.19,0.2,0.23,0.34,0.17,0.27,0.2,0.07,0.07,0.03,0.1,0.07,0.11,0.06,0.09,0.18,0.13,0.17,0.13,0.07,0.05,0.06,0.11,0.02,0.04,0.14,0.1,0.05,0.03,0.72,0.55,0.49,0.37,0.05,0.04,0.0913,0.0695,0.042,0.041,0.025,0.029,0.024,0.024,0.09,0.155,0.31,A,TRUE
0.0286,0.0152,0.11,0.08,0.13,0,0.15,0.05,0.12,0.09,0.13,0.07,0.13,0.08,0.13,0.08,0.18,0.19,0.13,0.23,0.13,0.22,0.15,0.22,0.17,0.11,0.1,0.1,0.04,0.03,0.15,0.15,0.05,0.06,0.13,0.12,0.05,0.04,0.45,0.41,0.45,0.36,0,-0.04,0.0281,0.0185,0.046,0.041,0.028,0.029,0.028,0.038,0.082,0.08,0.325,D,FALSE
0.0333,0.0266,0.13,0.08,0.1,0,0.14,0.08,0.15,0.1,0.13,0.13,0.14,0.09,0.14,0.11,0.14,0.16,0.13,0.3,0.12,0.18,0.13,0.21,0.18,0.12,0.11,0.12,0.04,0.04,0.13,0.13,0.04,0.05,0.12,0.12,0.04,0.04,0.48,0.52,0.27,0.35,-0.02,-0.04,0.0306,0.0206,0.042,0.044,0.028,0.031,0.027,0.038,0.09,0.08,0.33,D,FALSE
0.0082,0.0874,0.16,0.18,0.3,0.13,0.16,0.17,0.1,0.17,0.2,0.17,0.09,0.18,0.13,0.17,0.09,0.1,0.1,0.2,0.08,0.11,0.09,0.14,0.13,0.13,0.1,0.16,0.03,0.06,0.15,0.1,0.04,0.03,0.1,0.15,0.03,0.05,0.44,0.56,0.33,0.37,0.05,0.01,0.0492,0.0506,0.044,0.035,0.029,0.028,0.035,0.033,0.17,0.099,0.33,A,TRUE
0.0559,0.0286,0.16,0.11,0.2,0.17,0.24,0.07,0.19,0.12,0.23,0.17,0.26,0.12,0.23,0.14,0.14,0.18,0.13,0.07,0.11,0.22,0.13,0.16,0.19,0.13,0.16,0.1,0.06,0.04,0.11,0.15,0.04,0.05,0.15,0.1,0.06,0.04,0.62,0.45,0.37,0.45,-0.01,0,0.0449,0.0277,0.04,0.046,0.025,0.028,0.034,0.028,0.082,0.083,0.33,H,TRUE
0.1006,0.0147,0.26,0.1,0.2,0.07,0.27,0.07,0.28,0.08,0.27,0.07,0.33,0.06,0.29,0.07,0.08,0.14,0.17,0.13,0.08,0.15,0.11,0.14,0.22,0.09,0.17,0.09,0.07,0.03,0.06,0.14,0.02,0.05,0.16,0.08,0.06,0.03,0.72,0.45,0.49,0.26,0.01,0,0.0933,0.0293,0.042,0.051,0.025,0.031,0.024,0.035,0.08,0.102,0.33,H,TRUE
0.0061,0.0834,0.11,0.2,0.03,0.2,0.15,0.19,0.09,0.2,0.1,0.2,0.13,0.19,0.11,0.2,0.14,0.09,0.2,0.17,0.14,0.11,0.16,0.12,0.11,0.18,0.1,0.16,0.03,0.06,0.14,0.09,0.05,0.03,0.1,0.15,0.03,0.05,0.44,0.62,0.38,0.38,-0.01,-0.01,0.0234,0.0626,0.044,0.038,0.032,0.029,0.033,0.029,0.102,0.103,0.33,D,FALSE
0.0176,0.0559,0.12,0.17,0.3,0.3,0.14,0.09,0.1,0.19,0.2,0.3,0.1,0.11,0.13,0.2,0.13,0.13,0.03,0.07,0.09,0.16,0.08,0.12,0.13,0.14,0.12,0.16,0.04,0.06,0.13,0.11,0.04,0.04,0.12,0.14,0.04,0.05,0.42,0.62,0.35,0.37,0.03,0.03,0.0318,0.0463,0.035,0.04,0.03,0.025,0.038,0.033,0.098,0.083,0.32,H,TRUE
0.0855,0.0105,0.22,0.06,0.3,0.03,0.26,0.04,0.2,0.08,0.23,0.1,0.22,0.05,0.22,0.08,0.08,0.16,0.1,0.17,0.04,0.16,0.07,0.16,0.19,0.08,0.13,0.1,0.05,0.03,0.11,0.14,0.04,0.04,0.14,0.11,0.04,0.03,0.55,0.4,0.37,0.44,0.05,0,0.0767,0.0168,0.041,0.041,0.029,0.033,0.024,0.038,0.147,0.086,0.325,A,FALSE
0.0266,0.0874,0.09,0.18,0,0.13,0.1,0.16,0.1,0.17,0.07,0.13,0.1,0.17,0.09,0.16,0.16,0.1,0.3,0.17,0.13,0.11,0.2,0.12,0.11,0.18,0.12,0.16,0.04,0.06,0.13,0.1,0.05,0.03,0.11,0.14,0.04,0.05,0.52,0.56,0.35,0.37,-0.03,0,0.0212,0.0497,0.044,0.035,0.031,0.028,0.039,0.034,0.083,0.102,0.32,A,TRUE
0.0082,0.0333,0.15,0.13,0.3,0.2,0.15,0.12,0.1,0.15,0.23,0.23,0.08,0.16,0.14,0.18,0.09,0.14,0.07,0.1,0.08,0.16,0.08,0.13,0.14,0.13,0.1,0.11,0.03,0.04,0.15,0.13,0.04,0.04,0.11,0.13,0.04,0.04,0.44,0.48,0.33,0.27,0.04,-0.01,0.0476,0.0316,0.044,0.042,0.029,0.028,0.036,0.027,0.17,0.091,0.32,H,TRUE
0.0215,0.0061,0.09,0.11,0.13,0.03,0.11,0.07,0.1,0.09,0.17,0.03,0.12,0.05,0.13,0.06,0.16,0.13,0.13,0.17,0.16,0.13,0.15,0.14,0.14,0.1,0.12,0.1,0.04,0.03,0.12,0.14,0.05,0.05,0.13,0.11,0.04,0.04,0.45,0.44,0.54,0.38,0,0,0.0261,0.0242,0.036,0.044,0.032,0.032,0.038,0.034,0.079,0.106,0.325,H,TRUE
0.0051,0.0165,0.1,0.11,0.03,0.03,0.12,0.09,0.08,0.13,0.03,0.1,0.09,0.11,0.07,0.11,0.16,0.18,0.13,0.3,0.14,0.18,0.14,0.22,0.14,0.13,0.1,0.12,0.03,0.04,0.12,0.11,0.04,0.04,0.1,0.12,0.04,0.04,0.46,0.5,0.4,0.27,0,-0.01,0.021,0.0379,0.048,0.043,0.033,0.032,0.036,0.028,0.07,0.061,0.33,H,FALSE
0.0147,0.0435,0.1,0.12,0.07,0.13,0.13,0.07,0.08,0.12,0.03,0.1,0.1,0.08,0.07,0.1,0.14,0.16,0.1,0.13,0.13,0.2,0.12,0.16,0.12,0.11,0.09,0.09,0.03,0.03,0.14,0.14,0.05,0.05,0.12,0.12,0.04,0.04,0.45,0.46,0.26,0.37,0,0,0.0288,0.0299,0.051,0.048,0.031,0.029,0.035,0.028,0.101,0.088,0.325,D,FALSE
0.0899,0.0164,0.2,0.12,0.23,0.17,0.22,0.09,0.23,0.12,0.23,0.2,0.24,0.1,0.23,0.14,0.11,0.16,0.03,0.17,0.06,0.16,0.07,0.16,0.2,0.1,0.17,0.12,0.06,0.04,0.07,0.14,0.03,0.05,0.16,0.1,0.05,0.04,0.61,0.48,0.36,0.38,0,0,0.0575,0.0308,0.036,0.039,0.027,0.029,0.027,0.034,0.07,0.09,0.33,H,TRUE
0.0834,0.1006,0.21,0.26,0.3,0.2,0.23,0.26,0.2,0.28,0.3,0.23,0.21,0.23,0.24,0.25,0.08,0.08,0.1,0.13,0.06,0.07,0.08,0.09,0.16,0.16,0.16,0.17,0.06,0.07,0.09,0.06,0.03,0.02,0.11,0.13,0.04,0.05,0.62,0.72,0.38,0.49,0.06,-0.01,0.0646,0.0884,0.038,0.042,0.029,0.025,0.028,0.024,0.112,0.081,0.32,A,TRUE
