HomeValue,AwayValue,HomePtsSeas,AwayPtsSeas,HomePtsLast,AwayPtsLast,HomePtsHome,AwayPtsAway,HomeGoalsSeas,AwayGoalsSeas,HomeGoalsLast,AwayGoalsLast,HomeGoalsHome,AwayGoalsAway,HomeGoalsConcSeas,AwayGoalsConcSeas,HomeGoalsConcLast,AwayGoalsConcLast,HomeGoalsConcHome,AwayGoalsConcAway,HomeTotalShots,AwayTotalShots,HomeShotsTarget,AwayShotsTarget,HomeTotalShotsAgst,AwayTotalShotsAgst,HomeShotsTargetAgst,AwayShotsTargetAgst,HomePossession,AwayPossession,HomeExpectedWin,AwayExpectedWin,Winner
8.55,1.52,2,0.33,1,0.33,2,0.33,2,0.67,2,0.67,2.33,0.67,1.17,2.5,2,3,1,2,15.53,11.18,5.53,3.61,9.42,14.11,3,4.76,56.39,46.29,0.37,0.36,D
3.33,2.66,1.17,1.33,1,2,2.33,1,1.33,1.17,1.67,1.67,1.67,1.33,1.83,1,2.67,0.67,0.33,1.33,11.39,14.42,3.82,4.71,14.61,11.45,5.03,3.37,41.92,54.42,0.36,0.37,D
8.34,10.06,2.33,3,3,3,2.33,3,1.67,3,2.33,3,1,3,0.5,0.83,0.33,0.67,0.33,1,17.61,16.63,6.76,5.66,9.18,7.84,2.92,2.79,60.53,65.03,0.54,0.54,H
0.82,5.59,1.17,2.17,1.33,3,1.75,2.33,0.83,2.5,1,3,1.25,2.33,1.33,1.17,1.33,0.67,0.5,0.67,10.26,14.82,3.16,5.21,17.55,11.37,5.55,4.39,40.08,58.87,0.33,0.54,A
1.47,8.99,0.67,2.17,0.33,3,0.33,1.75,0.83,2.67,1,3.67,1,1.75,1.67,1.5,2,1,2.33,1.75,10.55,16.79,3.84,6.21,13.63,8.08,4.87,3,47.89,62.03,0.54,0.49,A
0.7,8.74,1.17,1.67,0.33,0.33,1,1.33,1.17,1.67,1,1,1,1.33,2,1.5,3.33,2.33,2,2,10.34,15.26,3.32,5.37,16.55,8.47,5.66,2.71,45.84,55.03,0.26,0.54,A
0.77,1.05,0.17,1.33,0,1.33,0,1.33,0.83,1.17,0.67,1.67,1,0.67,2,1,2.33,1.33,2.67,0.67,10.18,10.47,3.18,3.24,17.76,13.61,6.53,4.26,39.53,37.13,0.26,0.26,D
1.65,1.64,1.17,1.17,2,2,1,0.33,1.67,0.67,2.33,0.67,1.67,0.33,1.83,1.5,1.67,1.33,2,2,11.11,11.79,3.79,4.24,14.16,14.53,4.97,4.95,46.03,51.42,0.26,0.43,D
2.86,0.89,0.5,0.83,0,0,1,1.33,1.17,1,1.33,1,1,1,2.67,1.5,3.67,2.33,2.33,1.33,13.05,9.18,3.63,2.63,13.16,14.45,4.76,4.53,47.11,47.29,0.37,0.26,D
4.35,2.15,2.17,1.67,2,3,2.33,2,1.67,1.67,2,3,1.67,1.67,0.67,1.17,0.67,1.33,0.67,1.33,13.11,11.53,5.03,3.63,11.68,13.61,3.84,4.66,51.95,45.24,0.27,0.27,D
0.89,1.65,0.86,1.14,0.33,1.33,0.33,1.33,1,1.71,1,1.67,1,1.67,1.43,1.86,2,1.67,1.67,1.67,9.18,11.11,2.63,3.79,14.45,14.16,4.53,4.97,47.29,46.03,0.26,0.26,A
8.74,3.33,1.86,1.14,1,1.33,2,0,1.71,1.14,1,1.33,2,1,1.29,1.57,1.67,1.33,1,3.33,15.26,11.39,5.37,3.82,8.47,14.61,2.71,5.03,55.03,41.92,0.54,0.36,H
1.64,0.7,1.14,1,1.33,0,2,1.33,0.86,1,1,0.67,1,1.33,1.57,2,2,3.67,1,2,11.79,10.34,4.24,3.32,14.53,16.55,4.95,5.66,51.42,45.84,0.43,0.26,H
10.06,4.35,2.57,2,2,1.33,3,2,2.57,1.57,2.33,1.33,3,1.67,1,0.71,1,1,0.67,0.67,16.63,13.11,5.66,5.03,7.84,11.68,2.79,3.84,65.03,51.95,0.54,0.27,D
1.52,0.77,0.43,0.29,0.67,0.33,0.33,0.33,0.71,0.86,1,1,0.67,0.67,2.29,1.86,2,1.67,3,1.33,11.18,10.18,3.61,3.18,14.11,17.76,4.76,6.53,46.29,39.53,0.36,0.26,H
1.05,8.34,1.29,2.43,1.67,3,1.33,2.33,1.14,1.71,2,1.67,1.67,2.33,1,0.43,1.33,0.33,1.33,0.67,10.47,17.61,3.24,6.76,13.61,9.18,4.26,2.92,37.13,60.53,0.26,0.54,D
2.15,2.86,1.57,0.57,2.33,0.33,1.33,0,1.57,1.14,2.67,1,1.67,1.33,1.14,2.43,1.33,2.67,1,3,11.53,13.05,3.63,3.63,13.61,13.16,4.66,4.76,45.24,47.11,0.27,0.37,A
5.59,1.47,2.29,0.57,3,0,2,1,2.29,0.86,2.67,0.67,2.67,0.67,1,1.71,0.33,2,1.67,1,14.82,10.55,5.21,3.84,11.37,13.63,4.39,4.87,58.87,47.89,0.54,0.54,H
2.66,0.82,1.29,1,2.33,1,1.67,0,1,0.71,1.33,0.67,1,0,0.86,1.29,0,1.33,0.67,3,14.42,10.26,4.71,3.16,11.45,17.55,3.37,5.55,54.42,40.08,0.37,0.33,H
8.99,8.55,2.29,1.86,3,1.33,3,2,2.57,1.86,3,2,4.5,1.67,1.43,1.14,1,1.67,1,1.33,16.79,15.53,6.21,5.53,8.08,9.42,3,3,62.03,56.39,0.49,0.37,D
1.64,8.34,1.38,2.25,2.33,2.33,2.25,2,1.5,1.62,3,1.67,2.25,2,1.5,0.5,1,0.67,1,0.75,11.79,17.61,4.24,6.76,14.53,9.18,4.95,2.92,51.42,60.53,0.43,0.54,D
5.59,0.89,2.38,0.75,3,0.33,2.25,1.25,2.38,0.88,2.33,0.67,2.75,1,1.12,1.38,0.67,1.33,1.75,1.25,14.82,9.18,5.21,2.63,11.37,14.45,4.39,4.53,58.87,47.29,0.54,0.26,D
0.82,4.35,0.88,1.88,1,0.67,1.4,1.75,0.75,1.5,1,0.67,1,1.5,1.5,0.75,1.33,1,0.6,0.75,10.26,13.11,3.16,5.03,17.55,11.68,5.55,3.84,40.08,51.95,0.33,0.27,H
0.7,1.52,0.88,0.75,0,1.67,0.75,0.5,1,0.88,0.67,1.33,0.75,0.75,2.5,2,4.33,0.67,2,1.75,10.34,11.18,3.32,3.61,16.55,14.11,5.66,4.76,45.84,46.29,0.26,0.36,A
3.33,2.15,1,1.38,0.33,1.33,2,1.75,1,1.38,0.33,1.33,1.25,1.5,1.75,1.12,2.33,1.33,0.25,1.25,11.39,11.53,3.82,3.63,14.61,13.61,5.03,4.66,41.92,45.24,0.36,0.27,H
1.47,1.65,0.5,1.38,0,1.33,0.25,1.75,1,1.62,1.33,1,1,1.5,1.88,1.62,2.67,1.33,2.25,1.25,10.55,11.11,3.84,3.79,13.63,14.16,4.87,4.97,47.89,46.03,0.54,0.26,D
2.86,0.77,0.88,0.25,1.33,0.33,1,0.25,1.12,0.75,0.67,1,1,0.5,2.12,1.88,1.33,2,2,1.5,13.05,10.18,3.63,3.18,13.16,17.76,4.76,6.53,47.11,39.53,0.37,0.26,H
8.99,1.05,2.12,1.25,2.33,1,2.33,1.25,2.25,1.12,2.33,1,3,0.75,1.25,1,0.67,1,0.67,0.75,16.79,10.47,6.21,3.24,8.08,13.61,3,4.26,62.03,37.13,0.49,0.26,H
10.06,2.66,2.38,1.5,1.33,2.33,2.5,1,2.38,1.25,1.33,2,2.5,1,1,0.88,1.33,0.33,0.75,1,16.63,14.42,5.66,4.71,7.84,11.45,2.79,3.37,65.03,54.42,0.54,0.37,D
8.74,8.55,2,1.75,2,1.67,2.25,1.75,1.88,1.62,1.67,1.67,2.25,1.25,1.12,1,1,0.67,0.75,1,15.26,15.53,5.37,5.53,8.47,9.42,2.71,3,55.03,56.39,0.54,0.37,H
4.35,2.86,1.67,1.11,0.67,2.33,2,0.75,1.44,1.11,1,1,1.5,1.25,0.89,1.89,1.33,0.33,0.75,2.25,13.11,13.05,5.03,3.63,11.68,13.16,3.84,4.76,51.95,47.11,0.27,0.37,H
2.66,8.74,1.44,2.11,1.67,3,2,1.75,1.22,2.11,1.33,3,1.5,1.5,0.89,1,0.67,0,0.75,1.5,14.42,15.26,4.71,5.37,11.45,8.47,3.37,2.71,54.42,55.03,0.37,0.54,A
0.77,5.59,0.22,2.22,0.33,2.33,0.25,2.5,0.67,2.11,0.33,1.33,1,2,1.78,1,1.33,0.67,2.25,0.5,10.18,14.82,3.18,5.21,17.76,11.37,6.53,4.39,39.53,58.87,0.26,0.54,A
8.55,0.82,1.56,1.11,0.67,1,1.75,0,1.44,0.89,0.33,1,2,0.33,1.33,1.44,1.67,1.67,1,3,15.53,10.26,5.53,3.16,9.42,17.55,3,5.55,56.39,40.08,0.37,0.33,D
8.34,3.33,2.11,1.22,1.67,1.33,2.5,0,1.44,1.22,1,1,1.25,0.75,0.44,1.67,0.33,1.33,0.25,3.25,17.61,11.39,6.76,3.82,9.18,14.61,2.92,5.03,60.53,41.92,0.54,0.36,D
1.65,0.7,1.33,0.78,1.67,0,1,1,1.44,0.89,1,0.33,1.75,1.25,1.44,2.44,0.67,3.33,2,3,11.11,10.34,3.79,3.32,14.16,16.55,4.97,5.66,46.03,45.84,0.26,0.26,H
1.05,10.06,1.11,2.22,0.67,0.67,1.25,2.25,1.11,2.22,1,0.67,1.5,2.25,1.11,1,1.33,1.33,1.25,1.25,10.47,16.63,3.24,5.66,13.61,7.84,4.26,2.79,37.13,65.03,0.26,0.54,A
2.15,8.99,1.22,2.22,0.33,2.33,1,2,1.33,2.22,0.67,1.33,1.25,1.8,1.33,1.22,1.67,0.67,1,1.6,11.53,16.79,3.63,6.21,13.61,8.08,4.66,3,45.24,62.03,0.27,0.49,A
0.89,1.64,0.78,1.33,0.67,1.67,0.25,0.5,0.78,1.33,0.33,2.67,0.75,0.75,1.22,1.33,0.67,1,1.5,2,9.18,11.79,2.63,4.24,14.45,14.53,4.53,4.95,47.29,51.42,0.26,0.43,H
1.52,1.47,1,0.56,2.33,0.33,1,0.75,1,0.89,1.67,1,1,1,1.78,1.67,0.33,1.67,2.25,1.5,11.18,10.55,3.61,3.84,14.11,13.63,4.76,4.87,46.29,47.89,0.36,0.54,H
5.59,8.34,2.3,2,2.33,1,2,1.8,2.3,1.4,2.33,0.67,2.2,1.6,1,0.5,1,0.67,1.4,0.6,14.82,17.61,5.21,6.76,11.37,9.18,4.39,2.92,58.87,60.53,0.54,0.54,D
0.7,2.66,0.7,1.3,0,1.33,0.6,1,0.8,1.1,0.33,1.33,0.6,1,2.3,1,3,1.33,2,1,10.34,14.42,3.32,4.71,16.55,11.45,5.66,3.37,45.84,54.42,0.26,0.37,H
8.99,1.65,2.3,1.5,2.33,2.33,2.5,1.6,2.4,1.4,2,0.67,2.75,1.2,1.3,1.3,1,0,0.75,1,16.79,11.11,6.21,3.79,8.08,14.16,3,4.97,62.03,46.03,0.49,0.26,H
1.47,8.55,0.5,1.5,0.33,0.67,0.4,1.4,0.9,1.3,1,0,0.8,1,1.8,1.2,2,1.33,1.8,1.6,10.55,15.53,3.84,5.53,13.63,9.42,4.87,3,47.89,56.39,0.54,0.37,A
3.33,1.05,1.2,1,1.33,0.33,2.2,1,1.2,1,1.33,0.67,1.6,0.8,1.6,1.4,1.67,2.33,0.4,1,11.39,10.47,3.82,3.24,14.61,13.61,5.03,4.26,41.92,37.13,0.36,0.26,A
1.64,0.77,1.2,0.2,1.33,0,2,0.2,1.2,0.7,2,0.33,1.8,0.4,1.4,2,1,2.33,0.8,1.4,11.79,10.18,4.24,3.18,14.53,17.76,4.95,6.53,51.42,39.53,0.43,0.26,A
0.82,2.15,1.1,1.1,1.33,0,1.67,1.4,0.8,1.4,1,1,1.17,1.4,1.3,1.6,1.33,2.67,0.67,1.6,10.26,11.53,3.16,3.63,17.55,13.61,5.55,4.66,40.08,45.24,0.33,0.27,H
10.06,0.89,2.3,1,1.67,1.33,2.2,1.2,2.4,0.9,2,0.67,2.2,0.8,0.9,1.1,0.67,0.33,0.8,1,16.63,9.18,5.66,2.63,7.84,14.45,2.79,4.53,65.03,47.29,0.54,0.26,D
2.86,1.52,1,1.2,2,3,1.4,1,1,1.2,0.67,2.33,1,1,1.9,1.7,0.67,0.33,1.6,1.4,13.05,11.18,3.63,3.61,13.16,14.11,4.76,4.76,47.11,46.29,0.37,0.36,D
8.74,4.35,2.2,1.8,3,1.33,2.4,1.4,2.1,1.5,3,1.33,2.6,1.4,0.9,0.8,0,1,0.6,1,15.26,13.11,5.37,5.03,8.47,11.68,2.71,3.84,55.03,51.95,0.54,0.27,H
1.05,0.82,1.18,1.27,1,2.33,1,0.25,1.09,1,1,1.67,1.2,0.25,1.36,1.36,2.33,1,1.8,2.25,10.47,10.26,3.24,3.16,13.61,17.55,4.26,5.55,37.13,40.08,0.26,0.33,H
0.89,8.74,1,2.27,1.67,3,0.8,2,0.91,2.36,1,3.67,1,1.6,1.09,0.82,0.33,0,1.2,1.2,9.18,15.26,2.63,5.37,14.45,8.47,4.53,2.71,47.29,55.03,0.26,0.54,A
8.55,5.59,1.64,2.18,1.33,1.67,1.6,2.6,1.45,2.18,1,1.67,1.6,2.4,1.18,1,1.67,0.67,0.8,0.6,15.53,14.82,5.53,5.21,9.42,11.37,3,4.39,56.39,58.87,0.37,0.54,D
2.15,10.06,1,2.18,0,1.67,0.8,2.4,1.45,2.27,1.67,2,1.4,2.6,1.73,0.91,3.33,0.67,1.6,1,11.53,16.63,3.63,5.66,13.61,7.84,4.66,2.79,45.24,65.03,0.27,0.54,A
4.35,1.47,1.64,0.45,1,0.33,2.2,0.6,1.36,0.91,1,0.67,1.6,1,1.18,1.91,2.33,2,0.6,1.8,13.11,10.55,5.03,3.84,11.68,13.63,3.84,4.87,51.95,47.89,0.27,0.54,D
2.66,8.99,1.18,2.36,0.33,3,1.6,2.17,1.09,2.73,0.67,4,1.2,2.17,1.09,1.27,1.67,1.33,1,1.67,14.42,16.79,4.71,6.21,11.45,8.08,3.37,3,54.42,62.03,0.37,0.49,D
1.52,1.64,1.18,1.09,2.33,0.33,1.4,0.4,1.18,1.18,2,0.33,1.4,0.6,1.64,1.45,0.67,1.33,2,2,11.18,11.79,3.61,4.24,14.11,14.53,4.76,4.95,46.29,51.42,0.36,0.43,A
0.77,0.7,0.45,0.91,1,1,0.2,0.8,0.82,0.91,1,0.67,1,1,1.91,2.18,2,1.33,2.6,2.6,10.18,10.34,3.18,3.32,17.76,16.55,6.53,5.66,39.53,45.84,0.26,0.26,H
1.65,3.33,1.36,1.09,1.33,1.33,1.4,0.2,1.36,1.18,0.67,1.67,1.6,0.8,1.73,1.64,2,1.33,1.6,2.8,11.11,11.39,3.79,3.82,14.16,14.61,4.97,5.03,46.03,41.92,0.26,0.36,H
8.34,2.86,1.91,1,1,1.33,2.2,0.6,1.36,1,0.67,0.67,1.2,1,0.55,1.82,0.67,1,0.4,2.2,17.61,13.05,6.76,3.63,9.18,13.16,2.92,4.76,60.53,47.11,0.54,0.37,H
1.65,1.52,1.5,1.08,2,1.33,1.67,1,1.42,1.08,1.33,1.33,1.67,1,1.67,1.58,2.33,1,1.5,1.33,11.11,11.18,3.79,3.61,14.16,14.11,4.97,4.76,46.03,46.29,0.26,0.36,A
5.59,1.64,2.08,1.25,1.67,1,1.83,0.83,2.08,1.17,2,0.67,2,0.67,1,1.33,1,1.33,1.33,1.67,14.82,11.79,5.21,4.24,11.37,14.53,4.39,4.95,58.87,51.42,0.54,0.43,H
8.55,2.86,1.58,0.92,1.67,0.33,1.5,0.5,1.42,1.08,1.33,1,1.5,1.17,1.17,1.92,0.67,2,0.83,2.33,15.53,13.05,5.53,3.63,9.42,13.16,3,4.76,56.39,47.11,0.37,0.37,D
2.66,4.35,1.17,1.58,0.33,1.33,1.5,1.17,1,1.33,0.33,1,1,1.17,1,1.17,1.33,2,0.83,1.67,14.42,13.11,4.71,5.03,11.45,11.68,3.37,3.84,54.42,51.95,0.37,0.27,H
0.82,10.06,1.17,2.25,1.33,2.33,1.86,2.5,0.92,2.25,1,2.33,1.43,2.5,1.58,0.92,2,0.67,0.86,1,10.26,16.63,3.16,5.66,17.55,7.84,5.55,2.79,40.08,65.03,0.33,0.54,A
0.7,1.05,0.83,1.33,1,2,1,1.33,0.83,1.33,0.67,2,0.83,1,2.25,1.25,1.67,1.67,1.83,1,10.34,10.47,3.32,3.24,16.55,13.61,5.66,4.26,45.84,37.13,0.26,0.26,D
3.33,0.89,1,0.92,0.33,1.33,1.83,1.17,1.17,0.83,1,1,1.5,0.83,1.67,1.08,1.67,0.67,0.67,1,11.39,9.18,3.82,2.63,14.61,14.45,5.03,4.53,41.92,47.29,0.36,0.26,D
8.99,0.77,2.25,0.67,2.33,2,2.6,0.67,2.5,1,3.33,2,3.4,0.67,1.17,1.75,1,1.67,0.8,1.33,16.79,10.18,6.21,3.18,8.08,17.76,3,6.53,62.03,39.53,0.49,0.26,H
1.47,2.15,0.5,0.92,0.33,0,0.33,1.17,0.92,1.42,1,1.67,0.83,1.5,1.83,1.75,2.33,3,2,1.83,10.55,11.53,3.84,3.63,13.63,13.61,4.87,4.66,47.89,45.24,0.54,0.27,H
8.74,8.34,2.33,2,3,1.67,2.5,1.67,2.25,1.5,2.67,1.67,3,1.5,0.75,0.67,0,1.33,0.5,0.67,15.26,17.61,5.37,6.76,8.47,9.18,2.71,2.92,55.03,60.53,0.54,0.54,H
10.06,8.74,2.31,2.38,2.33,3,2,2.17,2.23,2.23,1.67,2.67,2,1.5,0.92,0.77,1,0.33,0.83,1,16.63,15.26,5.66,5.37,7.84,8.47,2.79,2.71,65.03,55.03,0.54,0.54,A
2.15,2.66,0.85,1.31,0,1.33,0.67,0.83,1.62,1,2.33,0.67,1.33,1,2,0.92,3.33,0.67,1.67,1.17,11.53,14.42,3.63,4.71,13.61,11.45,4.66,3.37,45.24,54.42,0.27,0.37,H
1.52,0.82,1.23,1.08,1.33,1,1.17,0.2,1.08,0.92,0.67,1.33,1.17,0.2,1.46,1.62,0.67,2.67,1.83,2.6,11.18,10.26,3.61,3.16,14.11,17.55,4.76,5.55,46.29,40.08,0.36,0.33,H
0.77,3.33,0.62,1,2,0.33,0.67,0.17,0.92,1.23,1.67,1.33,1.33,0.83,1.77,1.69,1,2,2.17,2.67,10.18,11.39,3.18,3.82,17.76,14.61,6.53,5.03,39.53,41.92,0.26,0.36,H
8.34,1.47,1.85,0.69,1.33,1.33,2.33,0.67,1.46,1.23,1.67,2.33,1.5,1,0.77,2,1.67,2.67,0.67,1.67,17.61,10.55,6.76,3.84,9.18,13.63,2.92,4.87,60.53,47.89,0.54,0.54,H
1.05,1.65,1.31,1.38,2.33,1,1.33,1.33,1.31,1.31,2.33,1,1.67,1.17,1.23,1.62,0.67,2.67,1.5,1.83,10.47,11.11,3.24,3.79,13.61,14.16,4.26,4.97,37.13,46.03,0.26,0.26,H
2.86,5.59,0.92,2.15,0.67,1.67,1.33,2.33,1.08,2.15,1.33,1.67,1,2.17,1.85,1,1.67,1,1.5,0.67,13.05,14.82,3.63,5.21,13.16,11.37,4.76,4.39,47.11,58.87,0.37,0.54,A
1.64,8.99,1.15,2.31,1,2.33,1.67,2,1.15,2.46,1,2.67,1.67,1.86,1.46,1.08,1.67,0.33,1,1.43,11.79,16.79,4.24,6.21,14.53,8.08,4.95,3,51.42,62.03,0.43,0.49,H
4.35,8.55,1.46,1.54,0.33,1.67,2,1.67,1.23,1.38,0.33,1.67,1.5,1.33,1.15,1.15,2.33,1,0.67,1.5,13.11,15.53,5.03,5.53,11.68,9.42,3.84,3,51.95,56.39,0.27,0.37,D
0.89,0.7,0.92,0.85,0.67,1.33,0.67,0.67,0.92,0.85,1,1,0.83,0.83,1.15,2.15,1.33,1.67,1.17,2.67,9.18,10.34,2.63,3.32,14.45,16.55,4.53,5.66,47.29,45.84,0.26,0.26,H
5.59,1.52,2.21,1.36,2.33,2,2,1.29,2.36,1.14,3,1,2.14,1,1,1.36,1,0.33,1.29,1.14,14.82,11.18,5.21,3.61,11.37,14.11,4.39,4.76,58.87,46.29,0.54,0.36,H
0.82,1.64,1,1.29,0,2,1.62,0.71,0.86,1.36,0.33,2,1.38,0.71,1.64,1.57,2.67,2,1,1.86,10.26,11.79,3.16,4.24,17.55,14.53,5.55,4.95,40.08,51.42,0.33,0.43,H
0.7,2.15,0.79,1,0.33,1,1,1,0.79,1.71,0.33,2.67,0.86,1.86,2.07,1.86,1.67,2.33,1.71,2.29,10.34,11.53,3.32,3.63,16.55,13.61,5.66,4.66,45.84,45.24,0.26,0.27,D
1.47,0.77,0.64,0.79,1.33,2,0.71,0.57,1.14,1,2,1.67,1.43,0.57,2.21,1.71,3.33,1,2.29,1.43,10.55,10.18,3.84,3.18,13.63,17.76,4.87,6.53,47.89,39.53,0.54,0.26,H
3.33,10.06,0.93,2.14,0.33,2,1.71,2.57,1.21,2.14,1.33,1.67,1.57,2.43,1.71,1.07,2,1.67,0.86,1,11.39,16.63,3.82,5.66,14.61,7.84,5.03,2.79,41.92,65.03,0.36,0.54,H
8.74,1.05,2.43,1.43,3,2.33,2.57,1.29,2.29,1.43,2,2.67,2.86,1,0.79,1.21,0.67,0.67,0.57,1,15.26,10.47,5.37,3.24,8.47,13.61,2.71,4.26,55.03,37.13,0.54,0.26,H
8.55,8.34,1.5,1.93,1,2,1.43,1.43,1.36,1.71,1,3,1.43,1.43,1.14,0.71,1,1.33,0.86,0.86,15.53,17.61,5.53,6.76,9.42,9.18,3,2.92,56.39,60.53,0.37,0.54,H
2.66,0.89,1.21,1.07,1.33,1.33,1.71,1.14,0.93,0.93,0.33,1,1,1,1.07,1.07,1,1,0.71,1.14,14.42,9.18,4.71,2.63,11.45,14.45,3.37,4.53,54.42,47.29,0.37,0.26,H
8.99,2.86,2.14,0.86,1.33,0.33,2.67,0.57,2.5,1.07,1.67,1.33,3.17,1.14,1.29,2.07,1.33,3,0.67,2.14,16.79,13.05,6.21,3.63,8.08,13.16,3,4.76,62.03,47.11,0.49,0.37,D
1.65,4.35,1.29,1.43,1,0.67,1.43,1,1.29,1.21,1,0.67,1.43,1,1.71,1.14,1.67,1,1.43,1.57,11.11,13.11,3.79,5.03,14.16,11.68,4.97,3.84,46.03,51.95,0.26,0.27,H
1.64,3.33,1.2,1.07,1,1.33,1.86,0.14,1.4,1.4,2.33,2.33,2,0.86,1.67,1.73,3,2,1.29,2.57,11.79,11.39,4.24,3.82,14.53,14.61,4.95,5.03,51.42,41.92,0.43,0.36,H
4.35,5.59,1.33,2.27,0.33,3,1.86,2.43,1.27,2.4,1,3.67,1.43,2.57,1.27,1,1.67,1,0.71,0.71,13.11,14.82,5.03,5.21,11.68,11.37,3.84,4.39,51.95,58.87,0.27,0.54,H
0.89,8.99,1,2.07,1.33,1.33,1,1.75,0.87,2.47,1,2.33,0.86,2,1.07,1.33,1,2,1,1.75,9.18,16.79,2.63,6.21,14.45,8.08,4.53,3,47.29,62.03,0.26,0.49,A
0.77,8.74,0.73,2.47,1,3,1,2.29,0.93,2.2,0.67,2,1.43,1.71,1.8,0.73,2,0.67,2,1,10.18,15.26,3.18,5.37,17.76,8.47,6.53,2.71,39.53,55.03,0.26,0.54,A
2.86,0.82,0.87,1.13,0.67,1,1.14,0.17,1.13,1,1.33,1.33,1,0.17,2.07,1.67,2.67,2,2,2.5,13.05,10.26,3.63,3.16,13.16,17.55,4.76,5.55,47.11,40.08,0.37,0.33,H
2.15,8.55,1,1.6,1.33,1.67,1,1.57,1.8,1.33,3.33,1,1.57,1.29,1.93,1.07,2.67,0.67,1.43,1.43,11.53,15.53,3.63,5.53,13.61,9.42,4.66,3,45.24,56.39,0.27,0.37,A
10.06,1.65,2,1.4,1,1,1.71,1.14,2.13,1.4,1.67,1.33,1.86,1.14,1.27,1.73,2.67,2,1.14,2,16.63,11.11,5.66,3.79,7.84,14.16,2.79,4.97,65.03,46.03,0.54,0.26,H
1.52,2.66,1.27,1.33,2,2,1.43,0.71,1.13,0.93,1.33,0.67,1.29,0.86,1.47,1,1,1,1.57,1.43,11.18,14.42,3.61,4.71,14.11,11.45,4.76,3.37,46.29,54.42,0.36,0.37,D
8.34,0.7,1.8,0.8,1,0.67,2.43,0.57,1.6,0.93,2,1.33,2,0.71,0.73,2.13,1,1.67,0.57,2.43,17.61,10.34,6.76,3.32,9.18,16.55,2.92,5.66,60.53,45.84,0.54,0.26,H
1.05,1.47,1.33,0.8,1.33,2,1.57,0.57,1.33,1.27,1.33,2.67,1.86,0.86,1.2,2.07,1,3,1.43,2.14,10.47,10.55,3.24,3.84,13.61,13.63,4.26,4.87,37.13,47.89,0.26,0.54,H
2.15,8.74,0.94,2.5,1.33,3,0.88,2.38,1.75,2.12,2.33,1.67,1.5,1.62,1.94,0.69,1.67,0.33,1.5,0.88,11.53,15.26,3.63,5.37,13.61,8.47,4.66,2.71,45.24,55.03,0.27,0.54,A
0.89,1.47,0.94,0.75,1,1,0.88,0.5,0.81,1.25,0.33,1.33,0.75,0.88,1.19,2.12,1.33,2.67,1.25,2.25,9.18,10.55,2.63,3.84,14.45,13.63,4.53,4.87,47.29,47.89,0.26,0.54,H
1.52,3.33,1.25,1,1.33,1,1.38,0.12,1.06,1.31,1,1.67,1.12,0.75,1.38,1.69,1,1.67,1.38,2.38,11.18,11.39,3.61,3.82,14.11,14.61,4.76,5.03,46.29,41.92,0.36,0.36,D
0.77,1.65,0.69,1.31,1,1,0.88,1,0.88,1.31,0.67,1.33,1.25,1,1.75,1.75,1.67,2.33,1.88,2,10.18,11.11,3.18,3.79,17.76,14.16,6.53,4.97,39.53,46.03,0.26,0.26,H
2.86,0.7,1,0.75,1.33,0.33,1.38,0.5,1.12,0.88,1.33,1,1,0.62,1.94,2.19,2.33,2.33,1.75,2.5,13.05,10.34,3.63,3.32,13.16,16.55,4.76,5.66,47.11,45.84,0.37,0.26,H
1.05,8.55,1.44,1.69,2,2.33,1.75,1.75,1.44,1.38,2,1.33,2,1.38,1.19,1.06,1,0.67,1.38,1.38,10.47,15.53,3.24,5.53,13.61,9.42,4.26,3,37.13,56.39,0.26,0.37,A
1.64,2.66,1.31,1.31,2,1.33,2,0.75,1.38,0.88,2.33,0.33,1.88,0.75,1.56,0.94,2,1,1.12,1.25,11.79,14.42,4.24,4.71,14.53,11.45,4.95,3.37,51.42,54.42,0.43,0.37,A
10.06,5.59,2.06,2.12,1,2,1.88,2.12,2.12,2.31,1.67,3,1.88,2.38,1.19,1.06,2.33,1.33,1,0.88,16.63,14.82,5.66,5.21,7.84,11.37,2.79,4.39,65.03,58.87,0.54,0.54,H
8.34,0.82,1.88,1.06,2,1,2.5,0.14,1.69,0.94,2.67,1,2.12,0.14,0.69,1.62,0.33,1.67,0.5,2.29,17.61,10.26,6.76,3.16,9.18,17.55,2.92,5.55,60.53,40.08,0.54,0.33,H
4.35,8.99,1.44,2.12,1.33,1.33,2,1.89,1.31,2.5,1.67,2.67,1.5,2.11,1.25,1.25,1.67,2,0.75,1.56,13.11,16.79,5.03,6.21,11.68,8.08,3.84,3,51.95,62.03,0.27,0.49,A
1.65,2.15,1.24,0.88,1,0.33,1.62,1,1.24,1.65,1,1.33,1.62,2,1.71,1.88,1.67,2,1.5,2.38,11.11,11.53,3.79,3.63,14.16,13.61,4.97,4.66,46.03,45.24,0.26,0.27,D
5.59,1.05,2,1.35,1,1,2.12,1.12,2.24,1.35,1.67,1,2.25,0.88,1.12,1.24,1.67,1.33,1.25,1,14.82,10.47,5.21,3.24,11.37,13.61,4.39,4.26,58.87,37.13,0.54,0.26,H
0.82,0.89,1,1.06,1,1,1.78,1,0.94,0.94,1.33,1,1.56,0.88,1.65,1.12,1.67,1.33,1.11,1.12,10.26,9.18,3.16,2.63,17.55,14.45,5.55,4.53,40.08,47.29,0.33,0.26,H
8.74,1.64,2.53,1.24,3,1,2.62,0.62,2.06,1.35,1,1.33,2.62,0.88,0.65,1.65,0,2,0.5,2,15.26,11.79,5.37,4.24,8.47,14.53,2.71,4.95,55.03,51.42,0.54,0.43,H
3.33,4.35,1,1.35,1.33,1,1.88,0.88,1.35,1.24,2,1.33,1.88,1.12,1.71,1.24,1.67,1.67,1,1.75,11.39,13.11,3.82,5.03,14.61,11.68,5.03,3.84,41.92,51.95,0.36,0.27,A
8.55,0.77,1.76,0.82,3,1,1.62,0.5,1.41,0.88,1.67,0.33,1.38,0.5,1,1.65,0.33,1.33,0.75,1.62,15.53,10.18,5.53,3.18,9.42,17.76,3,6.53,56.39,39.53,0.37,0.26,H
1.47,2.86,0.71,1.12,1,2.33,1,0.62,1.18,1.12,1.33,1.33,1.62,1.25,2.18,1.82,2,0.67,2,2.12,10.55,13.05,3.84,3.63,13.63,13.16,4.87,4.76,47.89,47.11,0.54,0.37,A
0.7,10.06,0.71,2.12,0.33,2,1,2.25,0.82,2.12,1,2,1.12,2.38,2.12,1.18,2.33,1.67,1.88,1.38,10.34,16.63,3.32,5.66,16.55,7.84,5.66,2.79,45.84,65.03,0.26,0.54,A
8.99,1.52,2.18,1.24,2.33,0.67,2.43,1.12,2.41,1.12,2,1,3,1,1.18,1.41,0.67,1.67,0.86,1.38,16.79,11.18,6.21,3.61,8.08,14.11,3,4.76,62.03,46.29,0.49,0.36,H
2.66,8.34,1.41,1.94,2.33,2,1.88,1.25,1,1.71,1.33,1.67,1,1.25,0.94,0.71,0.33,0.67,0.62,0.88,14.42,17.61,4.71,6.76,11.45,9.18,3.37,2.92,54.42,60.53,0.37,0.54,A
0.82,0.77,1.11,0.78,1,1,1.9,0.44,0.94,0.89,0.67,0.67,1.5,0.56,1.56,1.72,1,1.33,1,1.78,10.26,10.18,3.16,3.18,17.55,17.76,5.55,6.53,40.08,39.53,0.33,0.26,H
8.74,1.52,2.56,1.17,3,0.67,2.67,1,2.11,1.11,1.67,1,2.67,1,0.61,1.56,0,2,0.44,1.67,15.26,11.18,5.37,3.61,8.47,14.11,2.71,4.76,55.03,46.29,0.54,0.36,H
3.33,2.86,0.94,1.22,0.33,3,1.67,0.89,1.28,1.28,0.67,2,1.67,1.56,1.72,1.78,1.67,0.33,1.11,2,11.39,13.05,3.82,3.63,14.61,13.16,5.03,4.76,41.92,47.11,0.36,0.37,H
8.55,0.89,1.83,1,3,1,1.78,0.89,1.5,0.89,2.33,1,1.56,0.78,1,1.11,0.67,1.33,0.78,1.11,15.53,9.18,5.53,2.63,9.42,14.45,3,4.53,56.39,47.29,0.37,0.26,H
2.66,1.05,1.33,1.28,1.33,1,1.67,1,1,1.28,1.33,1,1,0.78,1.11,1.22,1.67,1.33,1,1,14.42,10.47,4.71,3.24,11.45,13.61,3.37,4.26,54.42,37.13,0.37,0.26,A
1.47,1.64,0.67,1.17,0,1,0.89,0.56,1.17,1.28,0.67,0.67,1.56,0.78,2.28,1.72,3.33,2,2.22,2.11,10.55,11.79,3.84,4.24,13.63,14.53,4.87,4.95,47.89,51.42,0.54,0.43,A
8.99,10.06,2.22,2.17,3,3,2.5,2.33,2.5,2.17,2.67,2.33,3.12,2.44,1.17,1.11,0.33,0.33,0.88,1.22,16.79,16.63,6.21,5.66,8.08,7.84,3,2.79,62.03,65.03,0.49,0.54,H
0.7,4.35,0.67,1.44,0,2,0.89,1.11,0.78,1.28,0,1.33,1,1.22,2.17,1.17,2.33,0.67,2,1.56,10.34,13.11,3.32,5.03,16.55,11.68,5.66,3.84,45.84,51.95,0.26,0.27,D
1.65,8.34,1.22,2,0.33,3,1.56,1.44,1.22,1.83,0.33,3,1.56,1.56,1.67,0.72,1.33,0.67,1.44,0.89,11.11,17.61,3.79,6.76,14.16,9.18,4.97,2.92,46.03,60.53,0.26,0.54,A
5.59,2.15,2.06,0.89,1,0.33,2.22,1,2.17,1.61,1,0.67,2.11,1.89,1.06,1.83,1.33,1.33,1.11,2.22,14.82,11.53,5.21,3.63,11.37,13.61,4.39,4.66,58.87,45.24,0.54,0.27,H
8.34,8.74,2.05,2.58,3,3,2.56,2.44,1.95,2.21,3.33,2.67,2.11,1.56,0.74,0.68,1,0.67,0.56,0.78,17.61,15.26,6.76,5.37,9.18,8.47,2.92,2.71,60.53,55.03,0.54,0.54,H
1.64,5.59,1.26,2.11,1,2,1.78,1.89,1.37,2.16,1.33,1.33,1.78,2.22,1.63,1,2,0.67,1.33,1,11.79,14.82,4.24,5.21,14.53,11.37,4.95,4.39,51.42,58.87,0.43,0.54,D
2.15,1.47,0.84,0.63,0.33,0,0.78,0.44,1.53,1.11,0.33,0.33,1.33,0.78,1.84,2.32,1.33,3.33,1.44,2.33,11.53,10.55,3.63,3.84,13.61,13.63,4.66,4.87,45.24,47.89,0.27,0.54,A
1.52,1.65,1.11,1.16,0.33,0.33,1.33,0.89,1.16,1.21,1.67,0.67,1.22,0.89,1.68,1.79,3.33,2,1.44,1.89,11.18,11.11,3.61,3.79,14.11,14.16,4.76,4.97,46.29,46.03,0.36,0.26,H
0.89,3.33,0.95,1.05,1,1.33,1.11,0.22,0.89,1.26,1.33,1,1,0.89,1.16,1.63,1,1.33,1.11,2.33,9.18,11.39,2.63,3.82,14.45,14.61,4.53,5.03,47.29,41.92,0.26,0.36,D
4.35,2.66,1.42,1.26,1.33,1,1.78,1,1.32,1,1.33,1.67,1.33,1,1.21,1.16,1,2.33,0.78,1.22,13.11,14.42,5.03,4.71,11.68,11.45,3.84,3.37,51.95,54.42,0.27,0.37,H
10.06,0.82,2.05,1.21,2,2,2,0.12,2.05,1.11,1.67,2,1.89,0.25,1.11,1.53,0.67,1,1,2.25,16.63,10.26,5.66,3.16,7.84,17.55,2.79,5.55,65.03,40.08,0.54,0.33,H
0.77,8.99,0.74,2.26,1,3,1.11,2,0.89,2.42,1,2,1.22,2,1.84,1.11,2.33,0.33,1.67,1.4,10.18,16.79,3.18,6.21,17.76,8.08,6.53,3,39.53,62.03,0.26,0.49,D
1.05,0.7,1.37,0.68,1,0.33,1.56,0.44,1.32,0.84,0.67,0.67,1.78,0.56,1.21,2.16,1.33,2,1.44,2.33,10.47,10.34,3.24,3.32,13.61,16.55,4.26,5.66,37.13,45.84,0.26,0.26,H
2.86,8.55,1.16,1.89,2,3,1.56,1.89,1.21,1.53,1.67,2.33,1,1.44,1.74,1,0.67,0.67,1.56,1.22,13.05,15.53,3.63,5.53,13.16,9.42,4.76,3,47.11,56.39,0.37,0.37,A
8.34,1.05,2.1,1.45,3,2,2.6,1.2,1.95,1.4,3.33,1.67,2.1,0.9,0.7,1.2,0.67,1,0.5,1,17.61,10.47,6.76,3.24,9.18,13.61,2.92,4.26,60.53,37.13,0.54,0.26,H
0.82,2.66,1.15,1.2,2,0,2,0.9,1.1,0.95,2,0.67,1.73,0.9,1.55,1.25,1,3,1,1.4,10.26,14.42,3.16,4.71,17.55,11.45,5.55,3.37,40.08,54.42,0.33,0.37,H
0.7,1.64,0.65,1.25,0.33,1.33,0.9,0.8,0.85,1.45,1,2,1.1,1,2.2,1.7,2.67,2,2,1.9,10.34,11.79,3.32,4.24,16.55,14.53,5.66,4.95,45.84,51.42,0.26,0.43,H
0.77,1.52,0.75,1.2,0.33,1,1.1,0.9,0.95,1.2,1.33,1.67,1.3,1.1,1.85,1.6,3,2.67,1.7,1.9,10.18,11.18,3.18,3.61,17.76,14.11,6.53,4.76,39.53,46.29,0.26,0.36,A
1.47,5.59,0.75,2.05,1,2.33,0.8,1.8,1.15,2.2,1,2,1.4,2.3,2.25,1.1,2.67,1,2.3,1.2,10.55,14.82,3.84,5.21,13.63,11.37,4.87,4.39,47.89,58.87,0.54,0.54,A
1.65,0.89,1.1,0.95,0.33,0.33,1.4,0.8,1.15,0.85,0.67,0.33,1.5,0.8,1.8,1.1,2.33,1,1.7,1.2,11.11,9.18,3.79,2.63,14.16,14.45,4.97,4.53,46.03,47.29,0.26,0.26,D
2.86,2.15,1.1,0.8,1,0.33,1.4,0.9,1.15,1.5,1.33,0.67,0.9,1.7,1.75,1.85,1.33,1.67,1.6,2.2,13.05,11.53,3.63,3.63,13.16,13.61,4.76,4.66,47.11,45.24,0.37,0.27,H
3.33,8.74,1.05,2.45,1.33,2,1.8,2.2,1.2,2.1,0.33,2.33,1.6,1.4,1.55,0.75,0.67,1.33,1,0.9,11.39,15.26,3.82,5.37,14.61,8.47,5.03,2.71,41.92,55.03,0.36,0.54,A
4.35,10.06,1.5,2.1,2.33,2,1.9,2.1,1.4,2.05,2.33,1.67,1.5,2.2,1.15,1.1,0.67,0.67,0.7,1.2,13.11,16.63,5.03,5.66,11.68,7.84,3.84,2.79,51.95,65.03,0.27,0.54,H
8.55,8.99,1.95,2.2,3,2.33,1.9,1.91,1.55,2.4,2.33,2.33,1.6,2,0.95,1.15,0.67,1,0.8,1.45,15.53,16.79,5.53,6.21,9.42,8.08,3,3,56.39,62.03,0.37,0.49,D
8.99,1.47,2.14,0.71,1.67,1,2.56,0.7,2.33,1.1,1.33,0.67,2.89,0.9,1.14,2.33,1,2.67,0.78,2.2,16.79,10.55,6.21,3.84,8.08,13.63,3,4.87,62.03,47.89,0.49,0.54,A
1.64,1.65,1.19,1.1,1.33,0.33,1.7,0.8,1.43,1.1,2.33,0.33,1.9,0.8,1.76,1.71,2,2,1.5,1.9,11.79,11.11,4.24,3.79,14.53,14.16,4.95,4.97,51.42,46.03,0.43,0.26,D
2.15,4.35,0.76,1.57,0,2.33,0.7,1.1,1.43,1.52,0.33,3,1.3,1.3,1.9,1.1,2.33,0.67,1.5,1.6,11.53,13.11,3.63,5.03,13.61,11.68,4.66,3.84,45.24,51.95,0.27,0.27,A
0.89,2.86,0.95,1.19,0.67,1,1.1,0.8,0.81,1.24,0.33,1,0.9,1.4,1.05,1.67,0.67,1,1,1.9,9.18,13.05,2.63,3.63,14.45,13.16,4.53,4.76,47.29,47.11,0.26,0.37,A
1.52,8.55,1.29,1.9,2,2.33,1.5,2,1.29,1.52,2.33,1.67,1.3,1.5,1.57,0.95,1.67,0.67,1.3,1.1,11.18,15.53,3.61,5.53,14.11,9.42,4.76,3,46.29,56.39,0.36,0.37,D
1.05,0.77,1.38,0.71,2,0.33,1.7,0.4,1.33,0.95,1.67,1.33,1.9,0.6,1.33,1.9,2,3,1.4,2,10.47,10.18,3.24,3.18,13.61,17.76,4.26,6.53,37.13,39.53,0.26,0.26,H
10.06,8.34,2,2.14,1,3,2.1,1.6,1.95,2.05,0.67,3.33,1.9,1.8,1.24,0.67,2,0.33,1,0.9,16.63,17.61,5.66,6.76,7.84,9.18,2.79,2.92,65.03,60.53,0.54,0.54,D
2.66,3.33,1.14,1,0,1.33,1.5,0.3,0.9,1.14,0.33,0.33,1,0.8,1.24,1.62,2,1,1.1,2.1,14.42,11.39,4.71,3.82,11.45,14.61,3.37,5.03,54.42,41.92,0.37,0.36,H
5.59,0.82,2.1,1.24,2.33,2,2.3,0.11,2.29,1.1,3,2,2.1,0.33,1.05,1.48,1,1,1,2.22,14.82,10.26,5.21,3.16,11.37,17.55,4.39,5.55,58.87,40.08,0.54,0.33,H
8.74,0.7,2.48,0.76,2,1.33,2.7,0.4,2.14,0.95,2.33,2,2.8,0.6,0.71,2.14,1.33,2,0.6,2.4,15.26,10.34,5.37,3.32,8.47,16.55,2.71,5.66,55.03,45.84,0.54,0.26,H
5.59,1.65,2.14,1.09,2.33,0.67,2.36,0.82,2.27,1.14,3,0.67,2.09,0.91,1.05,1.73,1.33,1.33,1,1.91,14.82,11.11,5.21,3.79,11.37,14.16,4.39,4.97,58.87,46.03,0.54,0.26,A
1.64,2.15,1.18,0.73,0.67,0,1.64,0.82,1.45,1.36,2,0.33,1.91,1.55,1.77,1.86,2.67,2,1.55,2.27,11.79,11.53,4.24,3.63,14.53,13.61,4.95,4.66,51.42,45.24,0.43,0.27,A
0.82,3.33,1.18,0.95,1,0.33,2.08,0.27,1.09,1.09,1,0,1.67,0.73,1.5,1.68,1.33,2,0.92,2.18,10.26,11.39,3.16,3.82,17.55,14.61,5.55,5.03,40.08,41.92,0.33,0.36,H
0.89,1.05,0.91,1.45,0.67,2,1,1.09,0.82,1.36,0.33,1.67,0.91,0.82,1.14,1.27,1,1.67,1.18,1.27,9.18,10.47,2.63,3.24,14.45,13.61,4.53,4.26,47.29,37.13,0.26,0.26,D
0.77,8.34,0.68,2.09,0.33,2.33,1,1.55,0.91,2.05,1,2.67,1.27,1.82,1.91,0.73,2.33,0.67,1.82,1,10.18,17.61,3.18,6.76,17.76,9.18,6.53,2.92,39.53,60.53,0.26,0.54,D
1.47,2.66,0.82,1.23,2,1,0.73,0.82,1.18,1,1.67,1,1.27,0.82,2.32,1.18,2.33,1.33,2.45,1.36,10.55,14.42,3.84,4.71,13.63,11.45,4.87,3.37,47.89,54.42,0.54,0.37,H
8.99,8.74,2.05,2.5,0.67,2,2.3,2.27,2.32,2.14,1.67,1.67,2.8,1.55,1.23,0.68,2,0.67,1,0.82,16.79,15.26,6.21,5.37,8.08,8.47,3,2.71,62.03,55.03,0.49,0.54,D
2.86,10.06,1.27,1.95,2,1.33,1.55,1.91,1.32,1.95,2,1.33,1.09,2,1.64,1.27,1,2.33,1.45,1.45,13.05,16.63,3.63,5.66,13.16,7.84,4.76,2.79,47.11,65.03,0.37,0.54,A
8.55,0.7,1.86,0.73,1.67,1,1.82,0.36,1.5,0.91,1.33,1.33,1.55,0.55,0.95,2.14,0.67,2,0.82,2.36,15.53,10.34,5.53,3.32,9.42,16.55,3,5.66,56.39,45.84,0.37,0.26,D
1.52,4.35,1.27,1.64,2.33,3,1.45,1.27,1.27,1.5,2,2.67,1.27,1.27,1.55,1.05,0.67,0,1.27,1.45,11.18,13.11,3.61,5.03,14.11,11.68,4.76,3.84,46.29,51.95,0.36,0.27,D
10.06,1.47,2,0.91,1.33,2,2,0.91,2.04,1.22,2,1.67,1.91,1.09,1.22,2.26,2,2.33,1.09,2.18,16.63,10.55,5.66,3.84,7.84,13.63,2.79,4.87,65.03,47.89,0.54,0.54,H
3.33,8.55,0.91,1.83,0,1,1.64,1.91,1.04,1.43,0,0.67,1.45,1.45,1.65,0.91,2.33,0.67,1.18,1.09,11.39,15.53,3.82,5.53,14.61,9.42,5.03,3,41.92,56.39,0.36,0.37,A
8.74,5.59,2.43,2.04,2.33,2,2.73,1.91,2.09,2.22,2,2.33,2.73,2.45,0.7,1.09,0.33,1,0.55,1.09,15.26,14.82,5.37,5.21,8.47,11.37,2.71,4.39,55.03,58.87,0.54,0.54,H
2.15,0.77,0.83,0.7,1,0.33,0.64,0.36,1.39,0.87,0.67,0.33,1.18,0.55,1.78,1.83,1.33,1.67,1.45,2,11.53,10.18,3.63,3.18,13.61,17.76,4.66,6.53,45.24,39.53,0.27,0.26,A
4.35,1.64,1.61,1.13,2.33,0.33,2,0.73,1.48,1.39,2,1,1.73,1,1.04,1.78,0.33,2.33,0.64,2,13.11,11.79,5.03,4.24,11.68,14.53,3.84,4.95,51.95,51.42,0.27,0.43,H
0.7,8.99,0.74,2,1.33,0.67,1.09,1.83,0.87,2.26,1,1.33,1.27,1.92,2.04,1.22,1,1.67,1.91,1.42,10.34,16.79,3.32,6.21,16.55,8.08,5.66,3,45.84,62.03,0.26,0.49,H
2.66,2.86,1.17,1.22,1,2,1.64,1,1,1.26,1.33,2,1.18,1.55,1.22,1.74,1,1.67,1,1.82,14.42,13.05,4.71,3.63,11.45,13.16,3.37,4.76,54.42,47.11,0.37,0.37,A
1.65,0.82,1.17,1.26,1.67,2,1.36,0.1,1.17,1.09,1.33,1,1.36,0.4,1.7,1.43,1,0.67,1.55,2.2,11.11,10.26,3.79,3.16,14.16,17.55,4.97,5.55,46.03,40.08,0.26,0.33,H
1.05,1.52,1.43,1.26,1.33,1.67,1.82,1.09,1.35,1.26,1,1.67,1.91,1.27,1.26,1.52,1.67,1,1.27,1.82,10.47,11.18,3.24,3.61,13.61,14.11,4.26,4.76,37.13,46.29,0.26,0.36,H
8.34,0.89,2.04,0.91,1.67,0.67,2.64,0.82,1.96,0.83,2,0.67,2.27,0.73,0.7,1.13,0.67,1.33,0.45,1.09,17.61,9.18,6.76,2.63,9.18,14.45,2.92,4.53,60.53,47.29,0.54,0.26,H
5.59,0.7,1.96,0.83,1,1.33,2.17,0.42,2.17,0.92,1.33,0.67,2,0.5,1.17,1.96,2,0.67,1.08,2.17,14.82,10.34,5.21,3.32,11.37,16.55,4.39,5.66,58.87,45.84,0.54,0.26,H
8.55,1.65,1.88,1.25,1.67,2.33,1.75,1,1.5,1.21,1.33,2,1.42,1,0.88,1.67,0.33,1.33,0.75,1.83,15.53,11.11,5.53,3.79,9.42,14.16,3,4.97,56.39,46.03,0.37,0.26,H
0.89,4.35,0.88,1.67,0.33,2.33,1,1.25,0.79,1.67,0.67,2.67,0.92,1.25,1.12,1.12,1.67,1.33,1.17,1.42,9.18,13.11,2.63,5.03,14.45,11.68,4.53,3.84,47.29,51.95,0.26,0.27,D
1.52,2.15,1.21,0.79,0.67,1,1.42,1,1.21,1.33,0.67,0.67,1.25,1.58,1.5,1.88,1,1.67,1.25,2.08,11.18,11.53,3.61,3.63,14.11,13.61,4.76,4.66,46.29,45.24,0.36,0.27,H
0.77,2.66,0.79,1.12,1.33,1,1,0.75,1,1,1.33,1.67,1.17,0.83,1.75,1.29,0.67,1.67,1.67,1.42,10.18,14.42,3.18,4.71,17.76,11.45,6.53,3.37,39.53,54.42,0.26,0.37,A
2.86,1.05,1.29,1.5,2,2.33,1.42,1.08,1.33,1.33,2,1.33,1,0.83,1.71,1.21,2,0.33,1.67,1.25,13.05,10.47,3.63,3.24,13.16,13.61,4.76,4.26,47.11,37.13,0.37,0.26,D
8.99,8.34,1.92,2.08,0.33,1.67,2.18,1.5,2.17,1.92,1,1,2.64,1.67,1.25,0.67,2,0.67,1,0.92,16.79,17.61,6.21,6.76,8.08,9.18,3,2.92,62.03,60.53,0.49,0.54,H
0.82,8.74,1.21,2.46,1,2.33,2.15,2.17,1.08,2.12,1,2,1.62,1.5,1.46,0.71,1.33,0.67,0.85,0.83,10.26,15.26,3.16,5.37,17.55,8.47,5.55,2.71,40.08,55.03,0.33,0.54,D
1.47,3.33,0.88,0.88,2,0,0.92,0.25,1.21,1,2,0,1.33,0.67,2.25,1.71,1.67,2.33,2.33,2.08,10.55,11.39,3.84,3.82,13.63,14.61,4.87,5.03,47.89,41.92,0.54,0.36,H
1.64,10.06,1.08,2.04,0.33,2.33,1.5,2,1.46,2.04,1.67,2.67,1.75,2.17,1.96,1.21,3.33,1,1.58,1.33,11.79,16.63,4.24,5.66,14.53,7.84,4.95,2.79,51.42,65.03,0.43,0.54,A
8.74,1.47,2.4,0.96,1.67,2,2.75,0.83,2.08,1.24,1.67,1.67,2.75,1.08,0.72,2.16,1,1,0.58,2.17,15.26,10.55,5.37,3.84,8.47,13.63,2.71,4.87,55.03,47.89,0.54,0.54,H
2.15,0.89,0.76,0.88,1,0.67,0.58,0.75,1.28,0.76,0.67,0.33,1.08,0.67,1.84,1.08,1.67,0.67,1.67,1.08,11.53,9.18,3.63,2.63,13.61,14.45,4.66,4.53,45.24,47.29,0.27,0.26,H
4.35,0.77,1.64,0.76,1.67,1.33,2.08,0.58,1.6,0.96,2.33,1.33,2.08,0.83,1.08,1.84,1.33,1.33,0.83,1.83,13.11,10.18,5.03,3.18,11.68,17.76,3.84,6.53,51.95,39.53,0.27,0.26,H
0.7,0.82,0.8,1.2,1.33,1.33,1.25,0.09,0.88,1.08,0.67,1,1.33,0.45,1.96,1.44,0.67,1,1.75,2.18,10.34,10.26,3.32,3.16,16.55,17.55,5.66,5.55,45.84,40.08,0.26,0.33,D
1.05,1.64,1.48,1.04,1.67,0,1.92,0.67,1.36,1.4,1.33,1,1.83,1.17,1.24,1.96,1,3.33,1.17,2.33,10.47,11.79,3.24,4.24,13.61,14.53,4.26,4.95,37.13,51.42,0.26,0.43,H
1.65,2.86,1.2,1.28,2,1.33,1.5,1.17,1.16,1.36,1.33,1.67,1.42,1.67,1.68,1.72,1.33,2.33,1.5,1.75,11.11,13.05,3.79,3.63,14.16,13.16,4.97,4.76,46.03,47.11,0.26,0.37,D
8.34,1.52,2,1.28,1.33,1.33,2.67,1,1.84,1.2,0.33,0.67,2.17,1.17,0.72,1.44,0.67,0.67,0.42,1.75,17.61,11.18,6.76,3.61,9.18,14.11,2.92,4.76,60.53,46.29,0.54,0.36,H
3.33,8.99,0.84,1.96,0,1.33,1.5,1.69,0.96,2.16,0,1,1.33,1.77,1.72,1.2,2,1,1.33,1.46,11.39,16.79,3.82,6.21,14.61,8.08,5.03,3,41.92,62.03,0.36,0.49,H
8.55,1.64,1.92,1,2.33,0,1.85,0.62,1.52,1.38,1.67,1.33,1.46,1.15,0.84,1.96,0,3.33,0.69,2.31,15.53,11.79,5.53,4.24,9.42,14.53,3,4.95,56.39,51.42,0.37,0.43,D
3.33,0.7,0.92,0.81,1,1.33,1.62,0.38,1.04,0.88,1,1,1.46,0.46,1.69,1.92,2,1,1.31,2.15,11.39,10.34,3.82,3.32,14.61,16.55,5.03,5.66,41.92,45.84,0.36,0.26,H
1.52,0.89,1.23,0.85,1,0.33,1.54,0.69,1.15,0.73,0.33,0,1.23,0.62,1.54,1.08,1.67,0.67,1.15,1.08,11.18,9.18,3.61,2.63,14.11,14.45,4.76,4.53,46.29,47.29,0.36,0.26,H
1.47,0.82,0.92,1.19,1,0.67,1.08,0.17,1.23,1.08,1.33,1,1.38,0.5,2.19,1.42,1.67,1.33,2.15,2.08,10.55,10.26,3.84,3.16,13.63,17.55,4.87,5.55,47.89,40.08,0.54,0.33,H
1.65,2.66,1.19,1.2,1.33,1,1.46,0.92,1.15,1.12,1,2,1.38,1.08,1.65,1.24,1.33,1.67,1.46,1.31,11.11,14.42,3.79,4.71,14.16,11.45,4.97,3.37,46.03,54.42,0.26,0.37,A
1.05,2.15,1.54,0.85,2.33,1,2,0.92,1.38,1.27,1.67,0.33,1.85,1.46,1.23,1.77,1,1.67,1.15,2,10.47,11.53,3.24,3.63,13.61,13.61,4.26,4.66,37.13,45.24,0.26,0.27,A
8.99,5.59,1.88,2,1,1,2.25,1.75,2.12,2.16,1,1.33,2.58,2.33,1.27,1.12,1.67,1.67,0.92,1.25,16.79,14.82,6.21,5.21,8.08,11.37,3,4.39,62.03,58.87,0.49,0.54,H
8.34,4.35,2.04,1.69,2,2.33,2.69,1.23,1.92,1.62,1.67,2.67,2.31,1.15,0.69,1.04,0.67,1,0.38,1.31,17.61,13.11,6.76,5.03,9.18,11.68,2.92,3.84,60.53,51.95,0.54,0.27,H
0.77,10.06,0.73,2.08,1,3,0.92,2.08,0.92,2.04,1.33,2.67,1.08,2.15,1.85,1.16,2,0.33,1.85,1.23,10.18,16.63,3.18,5.66,17.76,7.84,6.53,2.79,39.53,65.03,0.26,0.54,A
2.86,8.74,1.27,2.42,1.67,2.33,1.38,2.08,1.35,2.12,2,2.33,1.08,1.46,1.69,0.73,1.33,1,1.69,0.85,13.05,15.26,3.63,5.37,13.16,8.47,4.76,2.71,47.11,55.03,0.37,0.54,A
10.06,1.52,2.12,1.3,3,2,2.08,0.92,2.04,1.19,2,1,1.92,1.08,1.12,1.48,0.33,1.33,1.08,1.92,16.63,11.18,5.66,3.61,7.84,14.11,2.79,4.76,65.03,46.29,0.54,0.36,D
1.64,2.86,1,1.22,0.33,0.67,1.38,1.15,1.37,1.33,0.67,1.33,1.62,1.62,1.93,1.7,1.67,1.67,1.62,1.69,11.79,13.05,4.24,3.63,14.53,13.16,4.95,4.76,51.42,47.11,0.43,0.37,H
4.35,1.05,1.63,1.48,1.33,1.33,2.15,1.08,1.63,1.33,1.33,1.33,2.08,0.92,1.11,1.26,1,1.67,0.77,1.31,13.11,10.47,5.03,3.24,11.68,13.61,3.84,4.26,51.95,37.13,0.27,0.26,H
0.7,1.47,0.78,1,0.33,2,1.23,0.77,0.89,1.3,0.67,2,1.31,1.08,1.96,2.19,2,1.67,1.69,2.23,10.34,10.55,3.32,3.84,16.55,13.63,5.66,4.87,45.84,47.89,0.26,0.54,H
8.99,0.82,1.93,1.15,2,0.67,2.31,0.15,2.15,1.11,2,1.33,2.62,0.62,1.26,1.48,1.33,1.67,0.92,2.15,16.79,10.26,6.21,3.16,8.08,17.55,3,5.55,62.03,40.08,0.49,0.33,H
1.05,5.59,1.43,1.92,1,1,1.86,1.62,1.29,2.12,0.67,1.33,1.71,2.23,1.32,1.19,2,2,1.21,1.38,10.47,14.82,3.24,5.21,13.61,11.37,4.26,4.39,37.13,58.87,0.26,0.54,H
2.15,1.65,0.93,1.15,2,0.33,0.77,0.92,1.3,1.22,1,1.33,1.08,0.92,1.7,1.74,0.33,2.33,1.54,1.85,11.53,11.11,3.63,3.79,13.61,14.16,4.66,4.97,45.24,46.03,0.27,0.26,H
4.35,0.7,1.68,0.86,2,1.33,2.21,0.36,1.68,0.93,2.33,1.33,2.14,0.5,1.07,1.93,1,1.67,0.71,2.21,13.11,10.34,5.03,3.32,11.68,16.55,3.84,5.66,51.95,45.84,0.27,0.26,H
1.52,8.74,1.29,2.44,1.33,2.33,1.64,2.14,1.14,2.11,0.67,2,1.29,1.5,1.43,0.74,1.33,1,1.07,0.86,11.18,15.26,3.61,5.37,14.11,8.47,4.76,2.71,46.29,55.03,0.36,0.54,A
0.77,0.82,0.7,1.11,0,0.33,0.86,0.14,0.89,1.11,0,1.33,1,0.64,1.85,1.5,2.67,2,1.86,2.14,10.18,10.26,3.18,3.16,17.76,17.55,6.53,5.55,39.53,40.08,0.26,0.33,D
2.86,3.33,1.18,1,0.33,2,1.29,0.23,1.36,1.11,1.33,2,1.07,0.62,1.75,1.67,2,1.33,1.71,2.08,13.05,11.39,3.63,3.82,13.16,14.61,4.76,5.03,47.11,41.92,0.37,0.36,A
1.64,1.47,1.07,0.96,1.33,1,1.5,0.71,1.43,1.29,1.67,1.67,1.71,1.07,1.93,2.18,1.67,2.33,1.64,2.21,11.79,10.55,4.24,3.84,14.53,13.63,4.95,4.87,51.42,47.89,0.43,0.54,H
0.89,8.55,0.81,1.88,0.33,2.33,1,2,0.7,1.5,0,2,0.85,1.58,1.11,0.85,1,0.33,1.08,1,9.18,15.53,2.63,5.53,14.45,9.42,4.53,3,47.29,56.39,0.26,0.37,A
8.34,2.66,2.07,1.27,2,2,2.71,1.07,1.96,1.23,2.33,3,2.36,1.29,0.74,1.31,1.33,2,0.5,1.43,17.61,14.42,6.76,4.71,9.18,11.45,2.92,3.37,60.53,54.42,0.54,0.37,H
10.06,8.99,2.07,1.96,2.33,2,2,1.57,1.96,2.14,1.33,2,1.77,1.71,1.07,1.25,0,1.67,1,1.57,16.63,16.79,5.66,6.21,7.84,8.08,2.79,3,65.03,62.03,0.54,0.49,D
8.99,4.35,1.93,1.72,2.33,2,2.36,1.14,2.1,1.76,2,3,2.57,1.21,1.24,1.03,1,1,0.93,1.43,16.79,13.11,6.21,5.03,8.08,11.68,3,3.84,62.03,51.95,0.49,0.27,H
0.82,8.34,1.1,2.11,0.33,3,2.07,1.38,1.07,1.96,1,3,1.57,1.54,1.45,0.75,1.67,1,0.86,1,10.26,17.61,3.16,6.76,17.55,9.18,5.55,2.92,40.08,60.53,0.33,0.54,A
8.74,2.15,2.46,1,3,3,2.77,1.07,2.11,1.29,2.33,1.33,2.77,1.5,0.75,1.64,1,0,0.62,1.86,15.26,11.53,5.37,3.63,8.47,13.61,2.71,4.66,55.03,45.24,0.54,0.27,A
0.7,2.86,0.83,1.14,1,0,1.36,1.07,0.9,1.38,1,1.67,1.36,1.64,2,1.79,2.67,2.67,1.64,1.79,10.34,13.05,3.32,3.63,16.55,13.16,5.66,4.76,45.84,47.11,0.26,0.37,H
3.33,1.52,1.07,1.24,3,1.33,1.71,0.93,1.18,1.14,3,1,1.57,1,1.68,1.45,1.33,0.67,1.29,1.79,11.39,11.18,3.82,3.61,14.61,14.11,5.03,4.76,41.92,46.29,0.36,0.36,H
8.55,1.05,1.93,1.48,2.33,1,1.79,1,1.56,1.34,2,1,1.43,0.86,0.85,1.31,0.67,2,0.71,1.43,15.53,10.47,5.53,3.24,9.42,13.61,3,4.26,56.39,37.13,0.37,0.26,D
1.65,0.77,1.11,0.71,0.33,0.33,1.36,0.54,1.18,0.86,1.33,0,1.5,0.77,1.71,1.79,2,1.33,1.64,1.85,11.11,10.18,3.79,3.18,14.16,17.76,4.97,6.53,46.03,39.53,0.26,0.26,H
2.66,1.64,1.22,1.14,2,2.33,1.5,0.64,1.22,1.45,3,2,1.17,1.14,1.33,1.86,1.67,1,1.17,2.21,14.42,11.79,4.71,4.24,11.45,14.53,3.37,4.95,54.42,51.42,0.37,0.43,D
1.47,0.89,0.93,0.79,1,0,1.21,0.64,1.24,0.71,1.33,0.33,1.5,0.57,2.17,1.18,2,2,2.14,1.14,10.55,9.18,3.84,2.63,13.63,14.45,4.87,4.53,47.89,47.29,0.54,0.26,D
5.59,10.06,1.85,2.04,1,1.67,2.23,2.14,2.07,1.93,1.33,1,2,2.14,1.26,1.07,2,0.33,1,1.14,14.82,16.63,5.21,5.66,11.37,7.84,4.39,2.79,58.87,65.03,0.54,0.54,D
0.82,1.52,1.07,1.2,0.33,0.33,1.93,0.87,1.03,1.1,0.33,0.33,1.47,0.93,1.47,1.47,1.33,1.33,0.93,1.8,10.26,11.18,3.16,3.61,17.55,14.11,5.55,4.76,40.08,46.29,0.33,0.36,H
3.33,0.77,1.14,0.69,3,0.33,1.8,0.5,1.21,0.83,2.67,0,1.6,0.71,1.62,1.76,1,1,1.2,1.79,11.39,10.18,3.82,3.18,14.61,17.76,5.03,6.53,41.92,39.53,0.36,0.26,H
1.65,1.05,1.17,1.47,1,1.33,1.47,1,1.17,1.3,1.33,1,1.47,0.8,1.66,1.27,1.67,1.33,1.53,1.33,11.11,10.47,3.79,3.24,14.16,13.61,4.97,4.26,46.03,37.13,0.26,0.26,H
8.55,4.35,1.89,1.67,1.67,2,1.73,1.07,1.5,1.73,1.33,2.67,1.33,1.2,0.82,1.1,0.67,1,0.67,1.53,15.53,13.11,5.53,5.03,9.42,11.68,3,3.84,56.39,51.95,0.37,0.27,D
5.59,2.86,1.82,1.1,0.33,0,2.14,1,2.07,1.37,1.33,1.67,2,1.6,1.29,1.8,2.67,2.67,1.07,1.8,14.82,13.05,5.21,3.63,11.37,13.16,4.39,4.76,58.87,47.11,0.54,0.37,H
0.7,0.89,0.9,0.79,2,0.33,1.47,0.67,0.93,0.69,1.33,0.33,1.4,0.53,1.97,1.14,2,1.67,1.6,1.07,10.34,9.18,3.32,2.63,16.55,14.45,5.66,4.53,45.84,47.29,0.26,0.26,H
2.66,2.15,1.21,1.07,1.33,3,1.46,1.2,1.18,1.31,1.67,1.67,1.08,1.53,1.29,1.62,1.67,0.33,1.08,1.8,14.42,11.53,4.71,3.63,11.45,13.61,3.37,4.66,54.42,45.24,0.37,0.27,H
1.47,8.34,0.93,2.14,0.33,3,1.2,1.5,1.2,1.97,0.33,2.33,1.4,1.57,2.1,0.72,1.33,1,2,0.93,10.55,17.61,3.84,6.76,13.63,9.18,4.87,2.92,47.89,60.53,0.54,0.54,A
8.74,10.06,2.38,2,2,1,2.57,2.07,2.07,1.93,1.67,1,2.64,2.13,0.79,1.1,1.33,1,0.71,1.2,15.26,16.63,5.37,5.66,8.47,7.84,2.71,2.79,55.03,65.03,0.54,0.54,H
8.99,1.64,1.97,1.13,2.33,2.33,2.4,0.67,2.13,1.4,2,1.67,2.6,1.07,1.23,1.8,1,0.67,0.93,2.07,16.79,11.79,6.21,4.24,8.08,14.53,3,4.95,62.03,51.42,0.49,0.43,D
8.34,1.65,2.17,1.23,3,2,2.73,0.86,2,1.2,2.33,1,2.33,0.86,0.73,1.6,0.67,0.33,0.53,1.79,17.61,11.11,6.76,3.79,9.18,14.16,2.92,4.97,60.53,46.03,0.54,0.26,H
10.06,0.7,1.93,0.97,0.67,2,1.93,0.33,1.9,1.03,1.33,2,1.71,0.47,1.13,1.97,1.67,2.33,1,2.33,16.63,10.34,5.66,3.32,7.84,16.55,2.79,5.66,65.03,45.84,0.54,0.26,H
0.89,0.82,0.77,1.13,0.33,1.33,0.93,0.2,0.73,1.03,1,0.33,0.86,0.6,1.23,1.42,2.33,0.67,1.21,2,9.18,10.26,2.63,3.16,14.45,17.55,4.53,5.55,47.29,40.08,0.26,0.33,D
1.52,8.99,1.16,1.94,0,1.67,1.53,1.53,1.06,2.13,0.33,2,1.27,1.67,1.45,1.26,1.67,1.33,1.13,1.53,11.18,16.79,3.61,6.21,14.11,8.08,4.76,3,46.29,62.03,0.36,0.49,A
1.05,2.66,1.42,1.28,1.33,1.33,1.93,1,1.26,1.24,1,1.33,1.8,1.27,1.29,1.28,1,1,1.2,1.47,10.47,14.42,3.24,4.71,13.61,11.45,4.26,3.37,37.13,54.42,0.26,0.37,A
2.86,1.47,1.06,0.9,0,0.33,1.2,0.67,1.32,1.19,1,0.33,1.13,1,1.84,2.13,2.67,1.67,1.8,2.2,13.05,10.55,3.63,3.84,13.16,13.63,4.76,4.87,47.11,47.89,0.37,0.54,H
1.64,8.74,1.13,2.4,1.67,2,1.6,2.2,1.42,2.07,1.33,1.67,1.73,1.53,1.81,0.8,0.67,1.33,1.53,0.87,11.79,15.26,4.24,5.37,14.53,8.47,4.95,2.71,51.42,55.03,0.43,0.54,A
0.77,8.55,0.67,1.86,0.33,1.67,0.87,2.08,0.8,1.48,0,1.33,0.93,1.69,1.77,0.83,1,0.67,1.73,1,10.18,15.53,3.18,5.53,17.76,9.42,6.53,3,39.53,56.39,0.26,0.37,A
4.35,3.33,1.65,1.2,1.33,3,2.27,0.43,1.71,1.23,2,2.33,2.27,0.79,1.1,1.57,1.33,0.67,0.67,2.07,13.11,11.39,5.03,3.82,11.68,14.61,3.84,5.03,51.95,41.92,0.27,0.36,H
2.15,5.59,1.03,1.86,2,1.33,0.93,1.5,1.3,2.1,1.33,2,1.07,2.14,1.67,1.24,1.33,1.67,1.43,1.5,11.53,14.82,3.63,5.21,13.61,11.37,4.66,4.39,45.24,58.87,0.27,0.54,H
8.34,1.64,2.19,1.09,3,0.67,2.75,0.69,2.06,1.41,3,1,2.44,1.12,0.71,1.84,0.33,1.67,0.5,2.06,17.61,11.79,6.76,4.24,9.18,14.53,2.92,4.95,60.53,51.42,0.54,0.43,H
2.15,3.33,1.1,1.16,2,2,1.07,0.4,1.35,1.26,2,2,1.2,0.87,1.61,1.65,1.33,1.33,1.33,2.2,11.53,11.39,3.63,3.82,13.61,14.61,4.66,5.03,45.24,41.92,0.27,0.36,D
4.35,0.82,1.69,1.12,1.33,1.33,2.31,0.25,1.78,1,2,0.33,2.38,0.56,1.12,1.38,2,0.67,0.75,1.88,13.11,10.26,5.03,3.16,11.68,17.55,3.84,5.55,51.95,40.08,0.27,0.33,H
1.52,0.7,1.12,0.94,0,2,1.44,0.31,1.06,1.03,0.33,2.33,1.25,0.5,1.47,2,1.67,2,1.19,2.38,11.18,10.34,3.61,3.32,14.11,16.55,4.76,5.66,46.29,45.84,0.36,0.26,H
0.77,2.86,0.65,1.12,0,1,0.81,0.94,0.77,1.31,0,0.67,0.88,1.5,1.81,1.78,2,1.67,1.81,1.88,10.18,13.05,3.18,3.63,17.76,13.16,6.53,4.76,39.53,47.11,0.26,0.37,D
1.65,1.47,1.19,0.88,2,0.33,1.56,0.62,1.16,1.16,1,0.33,1.5,0.94,1.68,2.09,1.33,1.33,1.44,2.12,11.11,10.55,3.79,3.84,14.16,13.63,4.97,4.87,46.03,47.89,0.26,0.54,H
2.66,10.06,1.33,1.97,2.33,1.33,1.57,1.94,1.23,1.94,1.33,2,1.21,2.06,1.23,1.13,0.33,1.67,1.07,1.25,14.42,16.63,4.71,5.66,11.45,7.84,3.37,2.79,54.42,65.03,0.37,0.54,A
0.89,5.59,0.77,1.8,0.67,1.33,0.93,1.4,0.71,2.03,0.67,1.67,0.8,2,1.19,1.3,1.33,1.67,1.13,1.6,9.18,14.82,2.63,5.21,14.45,11.37,4.53,4.39,47.29,58.87,0.26,0.54,A
1.05,8.99,1.38,1.97,0.33,2.33,1.81,1.62,1.22,2.12,0,2.33,1.69,1.69,1.28,1.25,1,1.33,1.19,1.5,10.47,16.79,3.24,6.21,13.61,8.08,4.26,3,37.13,62.03,0.26,0.49,A
8.55,8.74,1.9,2.42,1.67,2,1.69,2.25,1.53,2.1,1.33,2,1.31,1.62,0.8,0.81,0.33,1.33,0.69,0.88,15.53,15.26,5.53,5.37,9.42,8.47,3,2.71,56.39,55.03,0.37,0.54,H
0.82,8.55,1.09,1.94,1.33,2.33,2,2.14,1,1.55,0.67,2,1.44,1.79,1.42,0.77,1,0.33,0.88,0.93,10.26,15.53,3.16,5.53,17.55,9.42,5.55,3,40.08,56.39,0.33,0.37,A
8.99,2.15,2,1.09,2.33,1.33,2.31,1.12,2.09,1.38,1.67,2,2.56,1.5,1.21,1.62,1,1.67,1,1.88,16.79,11.53,6.21,3.63,8.08,13.61,3,4.66,62.03,45.24,0.49,0.27,A
1.64,0.89,1.06,0.75,0.33,0.33,1.5,0.62,1.36,0.72,1,1,1.69,0.62,1.91,1.22,3,2,1.62,1.25,11.79,9.18,4.24,2.63,14.53,14.45,4.95,4.53,51.42,47.29,0.43,0.26,H
0.7,1.65,0.91,1.25,1,2,1.56,0.8,1.03,1.16,2,1,1.56,0.8,2.03,1.62,2.67,1.33,1.62,1.93,10.34,11.11,3.32,3.79,16.55,14.16,5.66,4.97,45.84,46.03,0.26,0.26,H
1.47,1.52,0.85,1.18,0,1,1.12,0.81,1.12,1.12,0.33,1.33,1.38,0.88,2.06,1.45,1.67,1.33,2.06,1.75,10.55,11.18,3.84,3.61,13.63,14.11,4.87,4.76,47.89,46.29,0.54,0.36,H
2.86,4.35,1.12,1.73,1.33,2.33,1.31,1.06,1.33,1.82,1,2.67,1.12,1.19,1.79,1.12,1.67,1.33,1.69,1.5,13.05,13.11,3.63,5.03,13.16,11.68,4.76,3.84,47.11,51.95,0.37,0.27,D
10.06,8.55,2,1.97,2,3,2,2.2,1.97,1.56,2.33,2.33,1.8,1.8,1.09,0.75,1,0,1,0.87,16.63,15.53,5.66,5.53,7.84,9.42,2.79,3,65.03,56.39,0.54,0.37,D
5.59,3.33,1.84,1.16,2,1.33,2.2,0.44,2.03,1.28,1.67,2,2.07,0.94,1.29,1.66,1.33,2,1,2.19,14.82,11.39,5.21,3.82,11.37,14.61,4.39,5.03,58.87,41.92,0.54,0.36,H
0.89,0.77,0.73,0.66,0.33,0.33,0.88,0.47,0.7,0.81,0.33,0.67,0.81,0.67,1.3,1.81,2,2.33,1.19,1.8,9.18,10.18,2.63,3.18,14.45,17.76,4.53,6.53,47.29,39.53,0.26,0.26,H
2.15,8.34,1.15,2.22,2.33,3,1.06,1.6,1.39,2.12,2.33,3.67,1.25,1.67,1.61,0.69,1,0.33,1.38,0.93,11.53,17.61,3.63,6.76,13.61,9.18,4.66,2.92,45.24,60.53,0.27,0.54,A
8.74,2.66,2.34,1.29,2,2,2.6,1.12,2.03,1.19,1.67,1.33,2.6,1.25,0.84,1.29,1.33,1.33,0.73,1.38,15.26,14.42,5.37,4.71,8.47,11.45,2.71,3.37,55.03,54.42,0.54,0.37,H
1.05,3.33,1.33,1.12,0,0.33,1.71,0.41,1.18,1.24,0,1.33,1.59,0.88,1.27,1.64,1.33,2.33,1.18,2.12,10.47,11.39,3.24,3.82,13.61,14.61,4.26,5.03,37.13,41.92,0.26,0.36,A
8.34,5.59,2.24,1.88,3,2,2.76,1.5,2.09,2,3,1,2.53,2,0.67,1.25,0,1.33,0.47,1.56,17.61,14.82,6.76,5.21,9.18,11.37,2.92,4.39,60.53,58.87,0.54,0.54,H
1.76,8.99,1.5,1.83,2,1.33,2,1.33,1,2,1,1.33,1.67,2,0.83,1.83,0.67,2.67,1,3.33,11.87,16.79,3.92,6.13,12.58,7.42,4.08,2.86,41.55,60.76,0.35,0.36,D
4.35,0.82,1.17,1.5,1,1.67,2,1.67,0.67,1,0.67,0.67,1,1.67,1.83,0.83,2.67,0.33,1.33,1.33,9.45,9.95,3.27,3.46,14.24,15,4.84,4.29,45.5,43.5,0.37,0.33,A
5.59,0.61,1.67,1.17,2.33,2,3,0.33,1.5,0.83,1.67,1.67,3,0.33,1.33,1.17,0,1,1,1.33,15.63,10,6.32,3.08,11.13,14.24,3.92,4.73,61.84,43.53,0.37,0.38,H
8.74,10.06,2.17,2.67,2.33,3,1.33,3,2,3.5,2,5.33,1.33,3.33,0.83,0.33,0.33,0,1,0.33,15.95,17.13,5.79,6.82,9.92,6.11,3.22,2.26,55.71,71.74,0.37,0.49,A
2.86,1.47,0.67,0.83,1.33,0.33,1.5,1.67,1,0.5,1.33,0.33,2,0.67,2.17,1.17,1,1,1.5,0,9.79,8.89,3.5,2.86,14.82,14.18,5,5.03,44.68,45.05,0.45,0.26,H
1.05,1.65,1.33,1.83,0.33,2,1.67,3,0.67,1.5,0.33,1.33,0.67,2,1,1.67,1.67,2.33,0.33,0.33,9.95,11.58,3,3.57,13.58,10.87,4.24,4.21,40.32,49.74,0.44,0.27,D
1.52,2.66,0.83,1.33,0.33,1,1.33,2,0.83,0.67,1,0.33,1,0.5,1.67,0.83,2.67,1,2,0,10.11,11.84,3.47,3.82,15.24,12.95,5.76,4.57,41,51.53,0.36,0.35,H
8.55,2.15,2.67,0,2.33,0,3,0,2.83,0,2.33,0,3.33,0,0.33,2.17,0.67,2.33,0,2.33,13.47,12.46,4.68,3.84,11.47,12.43,3.97,4.73,54.63,45,0.37,0.54,H
1.64,3.33,0.5,0.67,1,0.33,1,0.33,0.67,1.5,1,1.33,1,1.33,1.83,2,2,2,1.67,2.33,12.24,11.27,4.16,4,14.42,12.81,4.66,4.3,48.08,47.78,0.38,0.27,D
0.51,8.34,1.5,1.83,0.67,2.33,1.67,3,0.83,1.67,0.33,2,0.67,2.67,0.5,0.83,1,0.67,0.33,0.67,9.53,16.39,2.87,5.66,11.55,9.37,4.32,3.29,45.74,62.13,0.4,0.38,A
2.66,1.76,1.14,1.43,1,1.33,1,1,0.71,1,0.67,1,0.75,0.33,1,0.86,1,1,1.25,0.67,11.84,11.87,3.82,3.92,12.95,12.58,4.57,4.08,51.53,41.55,0.35,0.35,D
0.61,4.35,1,1,1,1,2,0.33,0.71,0.57,0.67,0.67,1.33,0.33,1.29,1.71,1.33,2,1,2.33,10,9.45,3.08,3.27,14.24,14.24,4.73,4.84,43.53,45.5,0.38,0.37,D
1.65,5.59,1.71,1.86,1.33,2.33,0.67,0.33,1.57,1.57,1.33,1.33,1,0,1.71,1.14,3,0,3,1.67,11.58,15.63,3.57,6.32,10.87,11.13,4.21,3.92,49.74,61.84,0.27,0.37,H
8.34,1.64,2,0.57,2.33,1.33,0.67,0,2,0.57,2.33,1,0.67,0.33,0.71,1.57,0.67,1,1,2,16.39,12.24,5.66,4.16,9.37,14.42,3.29,4.66,62.13,48.08,0.38,0.38,H
1.47,0.51,0.71,1.29,0.33,0.67,0,1.33,0.43,0.71,0.33,0.33,0.33,1,1.14,1,1,1.67,2.33,0.67,8.89,9.53,2.86,2.87,14.18,11.55,5.03,4.32,45.05,45.74,0.26,0.4,H
10.06,1.52,2.71,1.14,3,1,2.33,0.33,3.14,1,4,1,3.67,0.67,0.29,1.57,0,2.33,0.33,1.33,17.13,10.11,6.82,3.47,6.11,15.24,2.26,5.76,71.74,41,0.49,0.36,H
2.15,8.74,0,1.86,0,1.33,0,3,0,1.71,0,1.33,0,2.67,2.43,0.86,3.33,0.33,2,0.67,12.46,15.95,3.84,5.79,12.43,9.92,4.73,3.22,45,55.71,0.54,0.37,H
0.82,2.86,1.71,1,1.67,1.33,1.33,0.25,1,1,0.67,1,0.33,0.5,0.71,1.86,0.33,1,0.33,2.5,9.95,9.79,3.46,3.5,15,14.82,4.29,5,43.5,44.68,0.33,0.45,D
8.99,8.55,1.71,2.71,1.67,3,2.33,2.33,1.86,3,1.67,3,2,2.33,1.71,0.29,1.33,0,0.33,0.67,16.79,13.47,6.13,4.68,7.42,11.47,2.86,3.97,60.76,54.63,0.36,0.37,D
3.33,1.05,0.71,1.29,0.67,0.67,1,1,1.29,0.86,1,0.67,1.67,0.67,1.71,1.14,1.33,1.33,1.67,1.67,11.27,9.95,4,3,12.81,13.58,4.3,4.24,47.78,40.32,0.27,0.44,D
8.34,8.99,2.12,1.62,3,1.67,1.25,1.25,1.88,1.62,2.67,1.33,0.75,1.75,0.62,1.5,0.67,1,0.75,2.75,16.39,16.79,5.66,6.13,9.37,7.42,3.29,2.86,62.13,60.76,0.38,0.36,H
4.35,5.59,1,1.62,1.33,2,1.5,0.25,0.62,1.5,1,1.67,0.75,0.25,1.62,1.25,1,0.67,1.25,1.75,9.45,15.63,3.27,6.32,14.24,11.13,4.84,3.92,45.5,61.84,0.37,0.37,A
2.66,1.05,1.12,1.25,0.33,0.67,1,1,0.88,0.88,1,1,1,0.75,1.12,1.12,1.67,1.67,1.4,1.5,11.84,9.95,3.82,3,12.95,13.58,4.57,4.24,51.53,40.32,0.35,0.44,H
1.47,3.33,1,0.75,1,0.67,0.75,0.5,0.62,1.25,1,1,0.75,1,1,1.62,1,1.33,1.75,1.75,8.89,11.27,2.86,4,14.18,12.81,5.03,4.3,45.05,47.78,0.26,0.27,A
1.52,1.64,1,0.5,1,0.33,1.75,0,1.12,0.5,1.33,0.33,1.25,0.25,2.25,1.5,4,1,1.75,1.75,10.11,12.24,3.47,4.16,15.24,14.42,5.76,4.66,41,48.08,0.36,0.38,A
1.76,2.15,1.38,0.38,0.67,1,1.75,0,1.12,0.25,1,0.67,1.5,0,1,2.25,1.33,3.33,1,2.75,11.87,12.46,3.92,3.84,12.58,12.43,4.08,4.73,41.55,45,0.35,0.54,H
10.06,0.82,2.75,1.62,3,1.67,2.5,2,3.62,1,4.33,0.67,4.5,1.5,0.5,0.75,0.67,0.33,0.75,1,17.13,9.95,6.82,3.46,6.11,15,2.26,4.29,71.74,43.5,0.49,0.33,H
0.51,8.55,1.12,2.5,0.33,2.33,1.25,2,0.62,2.62,0,1.67,0.5,1.75,1.12,0.25,2,0,1.25,0.5,9.53,13.47,2.87,4.68,11.55,11.47,4.32,3.97,45.74,54.63,0.4,0.37,H
8.74,1.65,1.62,1.88,1,2.33,1,2.5,1.62,1.62,1.67,2,1,2,1,1.62,1,1.33,1,0.75,15.95,11.58,5.79,3.57,9.92,10.87,3.22,4.21,55.71,49.74,0.37,0.27,H
2.86,0.61,1,1,1.33,1.33,2,0.25,1,0.75,1.33,0.67,1.67,0.25,1.75,1.25,1.33,1,1,1.5,9.79,10,3.5,3.08,14.82,14.24,5,4.73,44.68,43.53,0.45,0.38,A
0.82,1.76,1.44,1.56,1.33,1.67,1.25,1,0.89,1.11,0.67,1.33,0.5,0.75,1,0.89,1.33,1,0.5,1,9.95,11.87,3.46,3.92,15,12.58,4.29,4.08,43.5,41.55,0.33,0.35,H
3.33,4.35,1,0.89,1.67,0.33,1,0.5,1.33,0.78,1,1,1.5,0.5,1.56,2,0.67,2.33,1.5,2,11.27,9.45,4,3.27,12.81,14.24,4.3,4.84,47.78,45.5,0.27,0.37,H
0.61,2.66,1.22,1.33,1.33,1.33,1.75,1.33,1,0.89,1.33,1.33,1.25,0.67,1.11,1,1,1.33,1,0.67,10,11.84,3.08,3.82,14.24,12.95,4.73,4.57,43.53,51.53,0.38,0.35,D
1.64,8.74,0.78,1.78,1.33,1,1,2.25,0.67,1.89,0.67,1.67,0.75,2.25,1.44,1.11,0.67,1.67,1.25,1,12.24,15.95,4.16,5.79,14.42,9.92,4.66,3.22,48.08,55.71,0.38,0.37,A
1.05,10.06,1.11,2.78,0.67,3,1.5,3,0.78,3.56,1,3.67,1,2.75,1.11,0.44,1.33,0.67,0.75,0.25,9.95,17.13,3,6.82,13.58,6.11,4.24,2.26,40.32,71.74,0.44,0.49,A
1.65,1.52,1.67,0.89,1.33,1,1.25,0.25,1.67,1.11,2,1.67,1.25,1,1.89,2.22,2.33,3.33,2.5,2.75,11.58,10.11,3.57,3.47,10.87,15.24,4.21,5.76,49.74,41,0.27,0.36,A
8.99,0.51,1.44,1.33,0.67,1,2,1,1.56,0.78,0.67,0.67,1.5,0.75,1.78,1.11,1.67,2.33,0.25,1,16.79,9.53,6.13,2.87,7.42,11.55,2.86,4.32,60.76,45.74,0.36,0.4,H
2.15,2.86,0.33,0.89,1,1.33,0.75,0.4,0.22,0.89,0.67,0.67,0.5,0.6,2.11,1.89,2,1.33,1.75,2.2,12.46,9.79,3.84,3.5,12.43,14.82,4.73,5,45,44.68,0.54,0.45,D
5.59,1.47,1.78,0.89,2,1,3,1.25,1.89,0.67,2.67,1,2.75,0.5,1.33,1.11,1.33,1,0.75,0.25,15.63,8.89,6.32,2.86,11.13,14.18,3.92,5.03,61.84,45.05,0.37,0.26,H
8.55,8.34,2.22,2.22,1.33,3,3,3,2.44,2.11,1.67,3,3.5,3,0.44,0.67,0.67,0.33,0,0.5,13.47,16.39,4.68,5.66,11.47,9.37,3.97,3.29,54.63,62.13,0.37,0.38,H
4.35,1.65,0.8,1.5,0.33,1,1.2,2,0.7,1.5,1,1.33,1,2,2,1.8,2.67,2,2,1.4,9.45,11.58,3.27,3.57,14.24,10.87,4.84,4.21,45.5,49.74,0.37,0.27,H
8.74,8.55,1.9,2.3,2,1.33,1.4,1.6,1.8,2.3,2,0.67,1.6,1.6,1,0.4,1.33,0.67,1.2,0.8,15.95,13.47,5.79,4.68,9.92,11.47,3.22,3.97,55.71,54.63,0.37,0.37,H
10.06,5.59,2.8,1.9,3,2,2.6,0.8,3.5,1.9,4.33,2.67,4.2,1.2,0.6,1.3,1.33,1.67,0.6,1.8,17.13,15.63,6.82,6.32,6.11,11.13,2.26,3.92,71.74,61.84,0.49,0.37,H
8.34,2.15,2,0.4,2,1.33,1.6,0,1.9,0.4,1.67,1.33,1.4,0,0.7,2.1,0.67,1.33,0.8,2.4,16.39,12.46,5.66,3.84,9.37,12.43,3.29,4.73,62.13,45,0.38,0.54,H
2.86,8.99,0.9,1.6,0.67,1.33,1.5,1,1,1.7,1,1.33,1.25,1.6,1.9,1.6,2,1.33,1.5,3,9.79,16.79,3.5,6.13,14.82,7.42,5,2.86,44.68,60.76,0.45,0.36,A
1.47,0.61,0.8,1.2,1,1.67,0.6,0.8,0.7,1,1.33,1.67,0.8,0.8,1.2,1.1,1.33,0.67,1.8,1.2,8.89,10,2.86,3.08,14.18,14.24,5.03,4.73,45.05,43.53,0.26,0.38,A
2.66,0.82,1.3,1.6,1.67,1.33,1.33,1.6,0.9,0.9,1.33,0.67,1,1.2,1,0.9,1,1.33,1.17,1.4,11.84,9.95,3.82,3.46,12.95,15,4.57,4.29,51.53,43.5,0.35,0.33,A
1.76,1.64,1.4,0.7,1.33,1,2,0.6,1,0.6,1,0.67,1.4,0.6,0.9,1.4,1,1,0.8,1.6,11.87,12.24,3.92,4.16,12.58,14.42,4.08,4.66,41.55,48.08,0.35,0.38,A
0.51,1.05,1.2,1,1,0.33,1.6,0.8,0.7,0.9,0.67,1,0.8,0.6,1.3,1.3,2,1.67,1.2,1.4,9.53,9.95,2.87,3,11.55,13.58,4.32,4.24,45.74,40.32,0.4,0.44,H
1.52,3.33,1.1,1.2,1,2.33,1.4,1,1.1,1.4,1.33,1.67,1.2,1.2,2,1.4,3,0.67,1.8,1.6,10.11,11.27,3.47,4,15.24,12.81,5.76,4.3,41,47.78,0.36,0.27,D
0.61,1.52,1.36,1.09,2.33,1.33,1.6,0.8,1,1.18,1.67,1.33,1.2,1,1,2,0.33,1.33,1,2.2,10,10.11,3.08,3.47,14.24,15.24,4.73,5.76,43.53,41,0.38,0.36,D
1.65,2.86,1.36,0.82,0,0.33,1,0.5,1.55,1,1.33,1,1,0.83,1.91,2.09,2.67,3,2.2,2.17,11.58,9.79,3.57,3.5,10.87,14.82,4.21,5,49.74,44.68,0.27,0.45,H
8.55,1.76,2.09,1.27,1,1,3,0.8,2.09,0.91,0.67,0.33,3,0.6,0.45,0.91,1,0.67,0,1,13.47,11.87,4.68,3.92,11.47,12.58,3.97,4.08,54.63,41.55,0.37,0.35,H
1.05,8.74,0.91,2,0,3,1.2,2.4,0.82,1.73,0.67,2,1.2,2,1.27,0.91,1.67,0.67,1.2,0.8,9.95,15.95,3,5.79,13.58,9.92,4.24,3.22,40.32,55.71,0.44,0.37,A
8.99,2.66,1.73,1.18,2,1.33,2.2,1.25,1.91,0.82,2.67,0.67,1.8,0.75,1.55,1,1.67,0.67,0.2,0.75,16.79,11.84,6.13,3.82,7.42,12.95,2.86,4.57,60.76,51.53,0.36,0.35,H
3.33,10.06,1.18,2.82,2.33,3,1.4,3,1.45,3.45,2,3,1.6,2.8,1.45,0.64,1,1,1.2,0.6,11.27,17.13,4,6.82,12.81,6.11,4.3,2.26,47.78,71.74,0.27,0.49,A
2.15,4.35,0.36,1,0.33,1,0.8,0.4,0.36,0.91,0.67,1.67,0.8,0.4,2,2,1.33,3,1.8,2,12.46,9.45,3.84,3.27,12.43,14.24,4.73,4.84,45,45.5,0.54,0.37,D
0.82,1.47,1.73,0.73,2,0,1.6,1,0.91,0.64,0.67,0.67,0.6,0.6,0.82,1.18,1,1.67,0.4,0.6,9.95,8.89,3.46,2.86,15,14.18,4.29,5.03,43.5,45.05,0.33,0.26,H
1.64,0.51,0.91,1.36,2,2,0.8,0.8,0.64,0.73,1,1,0.6,0.6,1.27,1.18,0.67,1.33,1.2,1.4,12.24,9.53,4.16,2.87,14.42,11.55,4.66,4.32,48.08,45.74,0.38,0.4,H
5.59,8.34,1.73,2.09,2,2,3,2.4,1.82,1.82,2.67,1.67,2.6,2.4,1.45,0.64,2,0.67,0.8,0.6,15.63,16.39,6.32,5.66,11.13,9.37,3.92,3.29,61.84,62.13,0.37,0.38,H
0.51,10.06,1.25,2.83,1,3,1.83,3,0.67,3.33,0.33,2.67,0.83,2.67,1.42,0.58,2.33,1,1,0.5,9.53,17.13,2.87,6.82,11.55,6.11,4.32,2.26,45.74,71.74,0.4,0.49,A
0.82,5.59,1.83,1.83,3,2,1.83,0.67,1,1.83,1.33,1.67,0.83,1.17,0.75,1.33,0,1.33,0.33,2,9.95,15.63,3.46,6.32,15,11.13,4.29,3.92,43.5,61.84,0.33,0.37,A
2.66,4.35,1.08,1,0.33,1.33,1.14,0.5,0.75,1,0.33,1.67,0.86,0.67,1.17,2,1.67,2,1.14,2,11.84,9.45,3.82,3.27,12.95,14.24,4.57,4.84,51.53,45.5,0.35,0.37,H
8.99,8.74,1.83,2.08,3,3,2.33,2.5,2,1.92,3.33,2,2,2.33,1.42,0.83,0.33,0,0.17,0.67,16.79,15.95,6.13,5.79,7.42,9.92,2.86,3.22,60.76,55.71,0.36,0.37,D
8.34,1.05,1.92,0.83,1,0,1.83,0.67,1.67,0.75,0.33,0.67,1.33,0.5,0.75,1.5,1,2.67,0.67,1.33,16.39,9.95,5.66,3,9.37,13.58,3.29,4.24,62.13,40.32,0.38,0.44,D
1.47,1.64,0.67,1.08,0,2,0.5,1,0.58,0.92,0.33,1.67,0.67,0.67,1.25,1.17,1.67,0.33,1.67,1.33,8.89,12.24,2.86,4.16,14.18,14.42,5.03,4.66,45.05,48.08,0.26,0.38,D
1.76,1.65,1.17,1.5,0,1,1.67,1.67,0.92,1.58,0.33,1.33,1.17,2,1.17,1.75,2,1.33,0.83,1.67,11.87,11.58,3.92,3.57,12.58,10.87,4.08,4.21,41.55,49.74,0.35,0.27,A
8.55,0.61,2.17,1.33,2,1.67,3,1.17,2.25,1.08,1.67,1.33,3.17,0.83,0.5,1.08,0.67,1,0.17,1,13.47,10,4.68,3.08,11.47,14.24,3.97,4.73,54.63,43.53,0.37,0.38,H
2.15,1.52,0.42,1.08,0.67,1.67,0.83,0.83,0.5,1.25,1.33,1.67,1,1.17,2,2,1.67,1.33,1.83,2.17,12.46,10.11,3.84,3.47,12.43,15.24,4.73,5.76,45,41,0.54,0.36,H
2.86,3.33,0.75,1.08,0.33,1.33,1.2,1,0.92,1.33,1,1.33,1.2,1.33,2.08,1.5,2.67,1.33,2,1.67,9.79,11.27,3.5,4,14.82,12.81,5,4.3,44.68,47.78,0.45,0.27,D
1.52,8.99,1,1.77,0.67,2.33,1.33,1.33,1.23,1.92,1.67,2.67,1.33,2,2,1.38,2,0.67,1.83,2.67,10.11,16.79,3.47,6.13,15.24,7.42,5.76,2.86,41,60.76,0.36,0.36,A
10.06,2.66,2.85,1.23,3,1,2.67,1,3.23,1,2.33,1.33,4,0.6,0.62,1.15,0.67,1.67,0.67,1.2,17.13,11.84,6.82,3.82,6.11,12.95,2.26,4.57,71.74,51.53,0.49,0.35,H
4.35,2.86,0.92,0.77,1.33,0.33,1.5,0.43,1,0.92,2,0.67,1.33,0.71,2.15,2,2.67,2.33,2,2.14,9.45,9.79,3.27,3.5,14.24,14.82,4.84,5,45.5,44.68,0.37,0.45,H
8.74,1.47,2,0.69,2.33,0.33,1.67,0.83,1.85,0.54,2,0,1.5,0.5,0.85,1.15,0.33,1,1,0.83,15.95,8.89,5.79,2.86,9.92,14.18,3.22,5.03,55.71,45.05,0.37,0.26,H
1.64,0.82,1.08,1.69,2.33,2,1.17,1.83,0.85,0.92,1.67,1,1.17,1.17,1.08,0.77,0,0.33,1,1.17,12.24,9.95,4.16,3.46,14.42,15,4.66,4.29,48.08,43.5,0.38,0.33,A
5.59,0.51,1.92,1.15,2,1,3,0.67,1.77,0.69,1.33,0.67,2.5,0.5,1.23,1.46,1,2,0.67,1.83,15.63,9.53,6.32,2.87,11.13,11.55,3.92,4.32,61.84,45.74,0.37,0.4,H
1.05,1.76,0.85,1.08,0.33,0,1,0.67,0.77,0.85,0.33,0.33,1,0.67,1.46,1.31,2,2.67,1.67,1.5,9.95,11.87,3,3.92,13.58,12.58,4.24,4.08,40.32,41.55,0.44,0.35,D
1.65,8.55,1.62,2.23,2,2,1.33,1.33,1.69,2.15,2.33,1.67,1.17,1.33,1.62,0.46,1,0.67,1.83,0.83,11.58,13.47,3.57,4.68,10.87,11.47,4.21,3.97,49.74,54.63,0.27,0.37,A
3.33,8.34,1.08,1.85,0.67,1.33,1.17,2,1.31,1.62,1,0.67,1.33,2,1.46,0.77,1.67,1,1.33,0.83,11.27,16.39,4,5.66,12.81,9.37,4.3,3.29,47.78,62.13,0.27,0.38,H
0.61,2.15,1.23,0.62,1.33,1.33,1.5,0,1,0.62,1,1.33,1.33,0,1.08,1.92,1,1.33,1.17,2.17,10,12.46,3.08,3.84,14.24,12.43,4.73,4.73,43.53,45,0.38,0.54,D
10.06,2.86,2.86,0.71,3,0.33,2.71,0.38,3.14,0.86,2,0.33,3.71,0.62,0.64,2.14,0.67,2.33,0.71,2.38,17.13,9.79,6.82,3.5,6.11,14.82,2.26,5,71.74,44.68,0.49,0.45,H
1.64,2.66,1,1.14,1.33,1,1,0.83,0.86,1,1.67,1.67,1.14,0.67,1.14,1.21,0.67,2,1.14,1.33,12.24,11.84,4.16,3.82,14.42,12.95,4.66,4.57,48.08,51.53,0.38,0.35,D
5.59,8.55,2,2.29,3,3,3,1.57,2,2.29,2.67,3,2.86,1.71,1.14,0.57,0,1,0.57,1,15.63,13.47,6.32,4.68,11.13,11.47,3.92,3.97,61.84,54.63,0.37,0.37,A
1.05,2.15,0.86,0.64,0.67,1.67,1,0.14,0.86,0.57,1,1.33,1.14,0,1.5,1.79,2.33,1,1.71,1.86,9.95,12.46,3,3.84,13.58,12.43,4.24,4.73,40.32,45,0.44,0.54,D
1.65,8.34,1.5,1.71,2,0.33,1.14,1.71,1.71,1.57,2.33,0.67,1.29,1.86,1.79,0.86,1.33,1.67,2.14,1,11.58,16.39,3.57,5.66,10.87,9.37,4.21,3.29,49.74,62.13,0.27,0.38,D
1.52,1.47,0.93,0.64,0.33,0.33,1.14,0.71,1.14,0.5,1,0,1.14,0.43,2.07,1.14,2.33,1,2,0.86,10.11,8.89,3.47,2.86,15.24,14.18,5.76,5.03,41,45.05,0.36,0.26,H
3.33,0.82,1.21,1.79,1.33,2,1.43,2,1.36,1,1,1.33,1.43,1.29,1.43,0.79,1.33,0.67,1.29,1.14,11.27,9.95,4,3.46,12.81,15,4.3,4.29,47.78,43.5,0.27,0.33,H
4.35,0.51,1.07,1.07,1.33,0,1.71,0.57,1.21,0.64,2.33,0.33,1.71,0.43,2,1.71,2,3.67,1.71,2.29,9.45,9.53,3.27,2.87,14.24,11.55,4.84,4.32,45.5,45.74,0.37,0.4,H
0.61,8.99,1.21,1.86,0.67,2.33,1.43,1.57,0.93,2,0.67,2.33,1.14,2.14,1,1.29,1,0.33,1,2.29,10,16.79,3.08,6.13,14.24,7.42,4.73,2.86,43.53,60.76,0.38,0.36,A
8.74,1.76,2.07,1.07,2.33,0.33,1.86,0.71,1.79,0.93,2,1,1.43,0.86,0.79,1.36,0.33,3,0.86,1.57,15.95,11.87,5.79,3.92,9.92,12.58,3.22,4.08,55.71,41.55,0.37,0.35,H
8.55,10.06,2.33,2.87,3,3,3,3,2.33,3.07,2.67,2,2.86,2.57,0.6,0.67,1,1,0.14,0.57,13.47,17.13,4.68,6.82,11.47,6.11,3.97,2.26,54.63,71.74,0.37,0.49,A
8.99,4.35,1.93,1.2,2.33,2,2.14,0.43,2.2,1.27,3,2.33,1.86,0.71,1.27,1.87,0.67,1.33,0.29,2.29,16.79,9.45,6.13,3.27,7.42,14.24,2.86,4.84,60.76,45.5,0.36,0.37,D
2.66,5.59,1.13,1.87,1.33,2,1.38,1,1,1.93,2,2.33,1.25,1.14,1.2,1.27,1.33,1,1.12,1.71,11.84,15.63,3.82,6.32,12.95,11.13,4.57,3.92,51.53,61.84,0.35,0.37,D
1.76,3.33,1,1.33,0.33,2.33,1.43,1,0.93,1.33,1,1.33,1,1.29,1.47,1.33,2.67,0.67,1.14,1.57,11.87,11.27,3.92,4,12.58,12.81,4.08,4.3,41.55,47.78,0.35,0.27,A
8.34,1.52,1.67,1.07,0.67,1,1.71,0.71,1.53,1.2,1,1,1.29,1.14,0.87,2,1.33,2,0.71,2.14,16.39,10.11,5.66,3.47,9.37,15.24,3.29,5.76,62.13,41,0.38,0.36,H
1.47,1.05,0.6,0.87,0.33,1,0.57,0.71,0.53,0.8,0.33,1,0.57,0.57,1.2,1.4,1,1,1.43,1.29,8.89,9.95,2.86,3,14.18,13.58,5.03,4.24,45.05,40.32,0.26,0.44,H
0.51,0.61,1,1.13,0,0.33,1.57,1,0.6,0.93,0.33,0.33,0.86,0.71,1.73,1.27,3,2,1.14,1,9.53,10,2.87,3.08,11.55,14.24,4.32,4.73,45.74,43.53,0.4,0.38,H
2.15,1.64,0.67,1,1.67,0.67,1.14,1,0.53,0.87,0.67,0.67,1.14,0.57,1.67,1.13,0.33,1,1.71,1.14,12.46,12.24,3.84,4.16,12.43,14.42,4.73,4.66,45,48.08,0.54,0.38,D
0.82,1.65,1.67,1.47,1,1.33,1.57,1.86,0.93,1.67,0.67,2,0.71,2.14,0.8,1.73,1,1.67,0.43,1.43,9.95,11.58,3.46,3.57,15,10.87,4.29,4.21,43.5,49.74,0.33,0.27,H
2.86,8.74,0.67,2.13,0.33,2.33,1.17,2.29,0.87,1.87,0.67,1.67,1.17,2.14,2.13,0.8,2.33,0.67,1.83,0.71,9.79,15.95,3.5,5.79,14.82,9.92,5,3.22,44.68,55.71,0.45,0.37,H
2.86,5.59,0.81,1.81,1,1.33,1.43,1,0.88,1.88,0.67,2.33,1.14,1.12,2,1.25,2,1.33,1.57,1.62,9.79,15.63,3.5,6.32,14.82,11.13,5,3.92,44.68,61.84,0.45,0.37,D
8.34,0.61,1.75,1.06,1.33,0.33,1.88,0.88,1.75,0.88,2.33,0.33,1.75,0.62,0.88,1.31,1.33,2.33,0.75,1.12,16.39,10,5.66,3.08,9.37,14.24,3.29,4.73,62.13,43.53,0.38,0.38,H
8.55,1.64,2.19,1,2,0.67,2.62,1,2.25,0.94,2.67,1.33,2.62,0.75,0.69,1.19,1.67,1.67,0.38,1.25,13.47,12.24,4.68,4.16,11.47,14.42,3.97,4.66,54.63,48.08,0.37,0.38,H
8.99,1.05,1.88,0.81,2.33,0.67,2,0.62,2.12,0.75,3,0.67,1.75,0.5,1.25,1.38,0.67,1,0.38,1.25,16.79,9.95,6.13,3,7.42,13.58,2.86,4.24,60.76,40.32,0.36,0.44,D
1.47,10.06,0.75,2.88,1,3,0.88,3,0.56,3,0.67,2,0.62,2.5,1.12,0.69,1,1,1.25,0.62,8.89,17.13,2.86,6.82,14.18,6.11,5.03,2.26,45.05,71.74,0.26,0.49,A
2.66,3.33,1.12,1.44,0.67,3,1.33,1.25,1,1.44,1,2,1.22,1.5,1.19,1.38,1.33,1,1.11,1.62,11.84,11.27,3.82,4,12.95,12.81,4.57,4.3,51.53,47.78,0.35,0.27,A
1.76,4.35,0.94,1.19,0.33,2.33,1.25,0.5,1,1.25,1.67,2.33,1.12,0.75,1.56,1.81,2.67,0.33,1.38,2.12,11.87,9.45,3.92,3.27,12.58,14.24,4.08,4.84,41.55,45.5,0.35,0.37,A
0.51,8.74,1.12,2,1,2,1.75,2,0.69,1.75,0.67,1.33,1,1.88,1.62,0.81,2.33,0.67,1,0.75,9.53,15.95,2.87,5.79,11.55,9.92,4.32,3.22,45.74,55.71,0.4,0.37,A
2.15,1.65,0.69,1.38,1,0.33,1.12,1.62,0.62,1.56,0.67,1,1.25,1.88,1.69,1.69,0.67,2,1.75,1.38,12.46,11.58,3.84,3.57,12.43,10.87,4.73,4.21,45,49.74,0.54,0.27,H
0.82,1.52,1.75,1,2,1,1.75,0.62,0.94,1.19,1,1,0.75,1.12,0.75,2.19,0.67,3,0.38,2.5,9.95,10.11,3.46,3.47,15,15.24,4.29,5.76,43.5,41,0.33,0.36,H
4.35,1.47,1.29,0.71,2.33,1,1.88,0.62,1.24,0.53,1.33,0.67,1.75,0.5,1.71,1.29,0.33,2,1.5,1,9.45,8.89,3.27,2.86,14.24,14.18,4.84,5.03,45.5,45.05,0.37,0.26,H
1.64,8.99,0.94,1.82,0.67,1.67,1,1.75,0.88,2,1,2,1.12,2.5,1.18,1.18,1.33,0.67,1.12,2.12,12.24,16.79,4.16,6.13,14.42,7.42,4.66,2.86,48.08,60.76,0.38,0.36,A
1.05,8.55,0.82,2.24,0.67,2,1,1.75,0.71,2.18,0,1.67,1,1.88,1.29,0.65,0.33,1,1.5,1,9.95,13.47,3,4.68,13.58,11.47,4.24,3.97,40.32,54.63,0.44,0.37,A
10.06,8.34,2.88,1.82,3,2.33,2.75,1.62,3.06,1.76,2.67,2.67,3.5,1.75,0.65,0.82,0.67,0.67,0.75,1,17.13,16.39,6.82,5.66,6.11,9.37,2.26,3.29,71.74,62.13,0.49,0.38,H
1.52,2.86,0.94,0.82,1,1.33,1.38,0.33,1.12,0.82,1,0.67,1.25,0.67,2.12,1.88,2.33,0.67,1.88,2.33,10.11,9.79,3.47,3.5,15.24,14.82,5.76,5,41,44.68,0.36,0.45,A
1.65,0.51,1.29,1.06,0.33,1,1.12,0.5,1.53,0.71,0.67,1,1.25,0.38,1.71,1.71,1.33,1.67,2,2.25,11.58,9.53,3.57,2.87,10.87,11.55,4.21,4.32,49.74,45.74,0.27,0.4,A
8.74,2.66,2.06,1.06,2,0.67,2,0.86,1.82,1,2,1,1.62,0.71,0.82,1.35,1,2,0.88,1.29,15.95,11.84,5.79,3.82,9.92,12.95,3.22,4.57,55.71,51.53,0.37,0.35,H
0.61,0.82,1,1.82,0,2,1.25,1.75,0.82,0.94,0.33,0.67,1.12,1.12,1.35,0.71,3,0.33,1.5,1.12,10,9.95,3.08,3.46,14.24,15,4.73,4.29,43.53,43.5,0.38,0.33,D
5.59,1.76,1.76,0.88,0.67,0,2.62,0.62,1.76,0.94,0.67,1,2.62,0.88,1.18,1.53,1.33,2.33,0.88,1.75,15.63,11.87,6.32,3.92,11.13,12.58,3.92,4.08,61.84,41.55,0.37,0.35,H
3.33,2.15,1.53,0.82,3,1.67,1.62,0.25,1.59,0.71,2.67,1.33,1.38,0,1.35,1.65,1,1,1.12,1.62,11.27,12.46,4,3.84,12.81,12.43,4.3,4.73,47.78,45,0.27,0.54,A
3.33,8.55,1.44,2.28,2,2,1.44,1.89,1.5,2.17,2.33,1.33,1.22,1.89,1.44,0.67,2,1,1.33,1,11.27,13.47,4,4.68,12.81,11.47,4.3,3.97,47.78,54.63,0.27,0.37,D
0.82,8.34,1.78,1.72,2.33,2,1.89,1.44,0.89,1.72,0.67,2.67,0.78,1.67,0.67,1,0,1.67,0.33,1.33,9.95,16.39,3.46,5.66,15,9.37,4.29,3.29,43.5,62.13,0.33,0.38,A
2.86,1.76,0.94,0.83,2.33,0,1.38,0.56,0.94,0.89,1.33,0.67,1,0.78,1.78,1.5,0,1.67,1.38,1.67,9.79,11.87,3.5,3.92,14.82,12.58,5,4.08,44.68,41.55,0.45,0.35,A
1.47,2.15,0.67,0.94,1,2.33,0.78,0.56,0.56,0.83,0.67,2.33,0.56,0.33,1.39,1.56,2.33,1,1.56,1.44,8.89,12.46,2.86,3.84,14.18,12.43,5.03,4.73,45.05,45,0.26,0.54,D
1.52,1.05,0.89,0.78,0,0.33,1.22,0.67,1.06,0.72,0.33,0.33,1.11,0.44,2.17,1.33,3,1,2,1.11,10.11,9.95,3.47,3,15.24,13.58,5.76,4.24,41,40.32,0.36,0.44,H
2.66,0.51,1,1.17,0.33,2,1.2,0.78,0.94,0.89,0.67,2.33,1.2,0.78,1.33,1.67,2,1.33,1.4,2.11,11.84,9.53,3.82,2.87,12.95,11.55,4.57,4.32,51.53,45.74,0.35,0.4,D
10.06,1.64,2.89,0.89,3,0.33,2.78,0.89,3.11,0.83,3.33,0.67,3.56,0.67,0.67,1.33,0.67,2.33,0.78,1.22,17.13,12.24,6.82,4.16,6.11,14.42,2.26,4.66,71.74,48.08,0.49,0.38,H
0.61,1.65,1,1.22,0.33,0,1.22,1.44,0.78,1.5,0,0.67,1,1.78,1.28,1.83,1.33,2.33,1.33,1.44,10,11.58,3.08,3.57,14.24,10.87,4.73,4.21,43.53,49.74,0.38,0.27,H
4.35,8.74,1.39,2.11,2.33,2,2,2.11,1.33,1.78,1.67,1.33,1.89,2,1.67,0.78,0.67,0.67,1.44,0.78,9.45,15.95,3.27,5.79,14.24,9.92,4.84,3.22,45.5,55.71,0.37,0.37,D
5.59,8.99,1.83,1.89,1.67,1.67,2.67,1.89,1.72,2.11,0.67,1.67,2.44,2.67,1.11,1.11,0.33,0.33,0.78,1.89,15.63,16.79,6.32,6.13,11.13,7.42,3.92,2.86,61.84,60.76,0.37,0.36,D
2.15,5.59,0.95,1.79,2.33,1.67,1.33,1,0.84,1.79,2,1.33,1.33,1,1.53,1.21,0.67,1,1.67,1.44,12.46,15.63,3.84,6.32,12.43,11.13,4.73,3.92,45,61.84,0.54,0.37,A
1.76,10.06,0.95,2.89,1,3,1.11,3,1,3.16,1,4,1,2.67,1.53,0.63,1.33,0.33,1.33,0.56,11.87,17.13,3.92,6.82,12.58,6.11,4.08,2.26,41.55,71.74,0.35,0.49,A
8.99,1.47,1.84,0.68,1.67,0.33,1.89,0.56,2.16,0.58,2.33,0.67,1.56,0.56,1.21,1.37,1,2.67,0.33,1.22,16.79,8.89,6.13,2.86,7.42,14.18,2.86,5.03,60.76,45.05,0.36,0.26,H
1.05,4.35,0.74,1.37,0.33,2.33,0.89,0.78,0.74,1.26,0.67,1.33,1,0.78,1.42,1.58,1.67,0.33,1.56,1.89,9.95,9.45,3,3.27,13.58,14.24,4.24,4.84,40.32,45.5,0.44,0.37,D
1.65,3.33,1.16,1.42,0,1.33,1,1.44,1.42,1.53,0.67,2,1.22,1.78,1.79,1.47,2.33,2,2.22,1.56,11.58,11.27,3.57,4,10.87,12.81,4.21,4.3,49.74,47.78,0.27,0.27,H
8.55,0.82,2.21,1.68,2.33,1.33,2.67,1.67,2.16,0.84,1.67,0.33,2.44,1,0.74,0.79,1,1,0.33,1,13.47,9.95,4.68,3.46,11.47,15,3.97,4.29,54.63,43.5,0.37,0.33,D
0.51,1.52,1.16,1,1.33,1,1.56,0.56,0.89,1.16,2,1,1,1,1.63,2.11,1.67,1.67,1.22,2.33,9.53,10.11,2.87,3.47,11.55,15.24,4.32,5.76,45.74,41,0.4,0.36,D
8.74,0.61,2.05,1.11,2.33,1.33,2.11,0.78,1.68,0.79,1.33,0.33,1.56,0.56,0.74,1.21,0.33,0.67,0.78,1.22,15.95,10,5.79,3.08,9.92,14.24,3.22,4.73,55.71,43.53,0.37,0.38,H
1.64,2.86,0.84,0.89,0,1.33,0.89,0.6,0.79,1,0,1.67,1,0.9,1.47,1.84,3,1,1.44,2.1,12.24,9.79,4.16,3.5,14.42,14.82,4.66,5,48.08,44.68,0.38,0.45,D
8.34,2.66,1.79,1,2,0.33,2,0.75,1.79,0.95,2,0.67,1.78,0.62,0.95,1.32,1.33,2,0.67,1.25,16.39,11.84,5.66,3.82,9.37,12.95,3.29,4.57,62.13,51.53,0.38,0.35,H
1.05,5.59,0.75,1.85,0.33,2.33,0.9,1.2,0.7,1.85,0.67,2.33,0.9,1.2,1.35,1.25,1.67,1.67,1.4,1.5,9.95,15.63,3,6.32,13.58,11.13,4.24,3.92,40.32,61.84,0.44,0.37,D
2.15,10.06,0.9,2.9,1.33,3,1.2,3,0.9,3.05,2,3,1.4,2.5,1.6,0.6,1.33,0.33,1.8,0.5,12.46,17.13,3.84,6.82,12.43,6.11,4.73,2.26,45,71.74,0.54,0.49,D
8.55,2.66,2.15,0.95,1.67,0.33,2.5,0.67,2.15,1,2,1,2.4,0.78,0.8,1.5,1.67,2.33,0.5,1.67,13.47,11.84,4.68,3.82,11.47,12.95,3.97,4.57,54.63,51.53,0.37,0.35,D
1.65,1.47,1.25,0.65,1,0.33,1.2,0.5,1.45,0.55,1,0.67,1.3,0.5,1.75,1.55,2,3,2.1,1.6,11.58,8.89,3.57,2.86,10.87,14.18,4.21,5.03,49.74,45.05,0.27,0.26,A
1.76,0.61,0.9,1.05,1,1.33,1,0.7,0.95,0.75,1,0.33,0.9,0.5,1.5,1.25,1.33,0.67,1.3,1.3,11.87,10,3.92,3.08,12.58,14.24,4.08,4.73,41.55,43.53,0.35,0.38,D
8.99,3.33,1.9,1.35,2.33,0.33,2,1.3,2.3,1.5,4,1,1.9,1.7,1.15,1.5,1,2.33,0.3,1.6,16.79,11.27,6.13,4,7.42,12.81,2.86,4.3,60.76,47.78,0.36,0.27,H
0.51,0.82,1.15,1.65,1.67,0.67,1.5,1.6,0.9,0.9,2,0.67,1,1.1,1.6,0.85,1,1.67,1.2,1.1,9.53,9.95,2.87,3.46,11.55,15,4.32,4.29,45.74,43.5,0.4,0.33,D
8.74,1.52,2.1,1,2.33,1.33,2.2,0.6,1.7,1.15,1,1.33,1.6,1,0.7,2.05,0,1.67,0.7,2.2,15.95,10.11,5.79,3.47,9.92,15.24,3.22,5.76,55.71,41,0.37,0.36,H
1.64,4.35,0.85,1.35,0.33,1.67,0.9,0.8,0.9,1.2,1,1,1.2,0.7,1.55,1.5,3.67,0.33,1.6,1.7,12.24,9.45,4.16,3.27,14.42,14.24,4.66,4.84,48.08,45.5,0.38,0.37,H
8.34,2.86,1.9,1,3,1.33,2.1,0.64,1.95,1.14,3.33,2.33,2.1,1.09,0.95,1.86,0.67,2.33,0.8,2.18,16.39,9.79,5.66,3.5,9.37,14.82,3.29,5,62.13,44.68,0.38,0.45,D
5.59,8.74,1.81,2.14,1.67,2.33,2.5,2,1.81,1.86,2.33,2.33,2.5,1.8,1.24,0.67,2,0,1,0.7,15.63,15.95,6.32,5.79,11.13,9.92,3.92,3.22,61.84,55.71,0.37,0.37,D
10.06,1.65,2.81,1.19,2.33,1,2.8,1.3,2.9,1.43,1.67,1,3.6,1.6,0.57,1.76,0,1.33,0.7,1.4,17.13,11.58,6.82,3.57,6.11,10.87,2.26,4.21,71.74,49.74,0.49,0.27,H
2.86,1.05,0.9,0.76,1.33,0.67,1.22,0.6,1.1,0.71,2.67,0.67,1.11,0.5,1.9,1.33,2,1.33,1.56,1.3,9.79,9.95,3.5,3,14.82,13.58,5,4.24,44.68,40.32,0.45,0.44,H
1.47,8.34,0.76,1.85,1.33,2,0.8,1.6,0.62,1.95,1,3,0.6,1.8,1.52,1,2.33,2,1.5,1.2,8.89,16.39,2.86,5.66,14.18,9.37,5.03,3.29,45.05,62.13,0.26,0.38,A
2.66,2.15,0.95,0.9,0.67,0.67,1.18,0.6,0.95,0.86,1,1,1.18,0.4,1.43,1.52,2,1.33,1.36,1.4,11.84,12.46,3.82,3.84,12.95,12.43,4.57,4.73,51.53,45,0.35,0.54,A
4.35,8.55,1.29,2.1,0.67,1,1.9,1.8,1.19,2.05,0.33,1.33,1.7,1.9,1.52,0.76,0.67,1.33,1.3,1.1,9.45,13.47,3.27,4.68,14.24,11.47,4.84,3.97,45.5,54.63,0.37,0.37,A
1.52,1.76,0.95,0.9,1.33,1.33,1.4,0.8,1.1,0.9,1.33,1,1.3,1,2.19,1.43,2.33,1,1.9,1.7,10.11,11.87,3.47,3.92,15.24,12.58,5.76,4.08,41,41.55,0.36,0.35,A
3.33,0.51,1.29,1.14,0.33,1,1.4,0.8,1.48,0.86,1.33,0.67,1.3,0.8,1.52,1.52,2,0.67,1.4,2,11.27,9.53,4,2.87,12.81,11.55,4.3,4.32,47.78,45.74,0.27,0.4,H
0.82,8.99,1.62,1.95,0.67,2.33,1.7,1.8,0.86,2.29,0.67,3.33,0.7,2.7,0.81,1.14,1.67,1.33,0.6,2,9.95,16.79,3.46,6.13,15,7.42,4.29,2.86,43.5,60.76,0.33,0.36,A
0.61,1.64,1.05,0.95,1.33,1.33,1.4,0.8,0.71,0.95,0.33,1.67,1,0.6,1.19,1.52,0.67,2.67,1.2,1.5,10,12.24,3.08,4.16,14.24,14.42,4.73,4.66,43.53,48.08,0.38,0.38,D
8.55,1.52,2.14,0.91,1.67,0.33,2.36,0.55,2.05,1.05,1.33,0.33,2.18,0.91,0.73,2.14,0.67,2.33,0.45,2.45,13.47,10.11,4.68,3.47,11.47,15.24,3.97,5.76,54.63,41,0.37,0.36,H
8.99,10.06,2,2.82,3,2.33,2.09,2.82,2.27,2.91,3,1.33,1.91,2.27,1.14,0.59,0.67,0.33,0.36,0.45,16.79,17.13,6.13,6.82,7.42,6.11,2.86,2.26,60.76,71.74,0.36,0.49,H
1.64,5.59,0.95,1.77,1.67,1.67,1.09,1.18,1,1.82,2.33,2,1.27,1.18,1.55,1.27,2,1.67,1.55,1.45,12.24,15.63,4.16,6.32,14.42,11.13,4.66,3.92,48.08,61.84,0.38,0.37,H
8.34,4.35,1.86,1.23,2.33,0.33,2,0.73,1.91,1.14,2.67,0.33,2,0.73,0.95,1.55,1,1.33,0.82,1.73,16.39,9.45,5.66,3.27,9.37,14.24,3.29,4.84,62.13,45.5,0.38,0.37,H
1.05,0.61,0.73,1.05,0.67,0.67,0.91,0.73,0.73,0.77,0.67,0.67,0.91,0.45,1.36,1.23,1,1.33,1.36,1.18,9.95,10,3,3.08,13.58,14.24,4.24,4.73,40.32,43.53,0.44,0.38,H
1.65,2.66,1.14,0.91,1,0.33,1.09,0.7,1.41,0.95,1.33,1,1.27,0.7,1.82,1.45,2,2.33,2.09,1.5,11.58,11.84,3.57,3.82,10.87,12.95,4.21,4.57,49.74,51.53,0.27,0.35,D
1.76,1.47,1,0.73,1.33,1,1,0.73,0.91,0.59,0.33,0.67,0.82,0.64,1.36,1.55,0.33,2.67,1.18,1.55,11.87,8.89,3.92,2.86,12.58,14.18,4.08,5.03,41.55,45.05,0.35,0.26,D
0.51,2.86,1.09,1,0.67,1.67,1.45,0.67,0.82,1.14,0.33,2,0.91,1.08,1.59,1.82,1.33,1.67,1.09,2.08,9.53,9.79,2.87,3.5,11.55,14.82,4.32,5,45.74,44.68,0.4,0.45,A
2.15,0.82,1,1.55,1.33,0.67,1.18,1.55,0.91,0.86,1.33,1,1.27,1,1.5,0.86,1.33,1.33,1.64,1,12.46,9.95,3.84,3.46,12.43,15,4.73,4.29,45,43.5,0.54,0.33,H
8.74,3.33,2.09,1.36,2.33,1,2.27,1.18,1.86,1.55,3,1.67,1.91,1.64,0.73,1.45,0.67,1.33,0.64,1.64,15.95,11.27,5.79,4,9.92,12.81,3.22,4.3,55.71,47.78,0.37,0.27,D
1.47,8.99,0.74,2.04,1.33,3,0.73,1.91,0.61,2.35,1,2.67,0.55,2.64,1.52,1.22,1.33,1.67,1.55,1.91,8.89,16.79,2.86,6.13,14.18,7.42,5.03,2.86,45.05,60.76,0.26,0.36,H
2.66,8.34,0.91,1.91,0.67,2.33,1.08,1.73,1,2,1,2.33,1.17,1.82,1.48,0.91,1.33,0.33,1.42,1.09,11.84,16.39,3.82,5.66,12.95,9.37,4.57,3.29,51.53,62.13,0.35,0.38,D
10.06,1.76,2.7,1,1.33,1.67,2.82,1,2.91,0.91,2,0.67,3.55,1,0.74,1.35,1.67,0.33,0.73,1.55,17.13,11.87,6.82,3.92,6.11,12.58,2.26,4.08,71.74,41.55,0.49,0.35,H
2.86,1.64,1.09,1.04,2.33,2.33,1.4,0.82,1.26,1.04,2.33,2,1.2,0.73,1.78,1.52,1,1.33,1.5,1.55,9.79,12.24,3.5,4.16,14.82,14.42,5,4.66,44.68,48.08,0.45,0.38,D
1.52,0.51,0.87,1.04,0,0.33,1.27,0.73,1,0.83,0,0.33,1.18,0.73,2.17,1.7,3,2.33,1.82,2.09,10.11,9.53,3.47,2.87,15.24,11.55,5.76,4.32,41,45.74,0.36,0.4,H
3.33,1.65,1.35,1.13,1.33,0.33,1.55,1.18,1.48,1.43,1.33,1.33,1.45,1.55,1.39,1.83,0.67,2.33,1.27,1.55,11.27,11.58,4,3.57,12.81,10.87,4.3,4.21,47.78,49.74,0.27,0.27,H
4.35,1.05,1.17,0.83,0,1.33,1.73,0.55,1.09,0.78,0.33,1.33,1.55,0.55,1.65,1.3,2.67,1,1.36,1.36,9.45,9.95,3.27,3,14.24,13.58,4.84,4.24,45.5,40.32,0.37,0.44,D
0.82,8.55,1.48,2.17,0.33,2.33,1.55,1.91,0.83,2.09,0.33,1.67,0.73,1.91,0.87,0.7,1,0,0.73,1,9.95,13.47,3.46,4.68,15,11.47,4.29,3.97,43.5,54.63,0.33,0.37,A
5.59,2.15,1.7,1.09,0.67,2.33,2.36,0.82,1.78,0.91,1.33,1,2.45,0.55,1.3,1.43,1.67,0.33,1.09,1.36,15.63,12.46,6.32,3.84,11.13,12.43,3.92,4.73,61.84,45,0.37,0.54,H
0.61,8.74,1,2.04,0.67,1.67,1.36,1.91,0.74,1.78,0.67,2.33,1.09,1.82,1.26,0.7,1.33,0.67,1.27,0.82,10,15.95,3.08,5.79,14.24,9.92,4.73,3.22,43.53,55.71,0.38,0.37,A
1.47,5.59,0.83,1.75,1.33,1.33,0.92,1.08,0.62,1.88,0.67,2.33,0.58,1.17,1.46,1.29,1,1.67,1.42,1.5,8.89,15.63,2.86,6.32,14.18,11.13,5.03,3.92,45.05,61.84,0.26,0.37,H
2.86,2.15,1.08,1.04,1.67,2,1.36,0.75,1.25,0.92,2,1.33,1.18,0.58,1.75,1.54,1,1.67,1.45,1.58,9.79,12.46,3.5,3.84,14.82,12.43,5,4.73,44.68,45,0.45,0.54,D
0.51,8.99,1,1.96,0,2,1.33,1.75,0.79,2.25,0.33,2,0.92,2.42,1.71,1.21,3,1.67,1.33,1.83,9.53,16.79,2.87,6.13,11.55,7.42,4.32,2.86,45.74,60.76,0.4,0.36,A
8.74,1.64,2.08,1.04,1.67,1.67,2.17,0.83,1.88,1.04,2,1.67,1.75,0.75,0.67,1.5,0.67,1.33,0.58,1.5,15.95,12.24,5.79,4.16,9.92,14.42,3.22,4.66,55.71,48.08,0.37,0.38,A
4.35,3.33,1.17,1.42,0.33,2.33,1.67,1.17,1.08,1.5,0.33,1.67,1.5,1.5,1.62,1.33,2.33,0,1.33,1.5,9.45,11.27,3.27,4,14.24,12.81,4.84,4.3,45.5,47.78,0.37,0.27,H
1.76,0.82,0.96,1.42,1.33,0,1,1.42,0.92,0.79,1,0.33,0.83,0.92,1.42,0.88,1.33,1.33,1.17,1,11.87,9.95,3.92,3.46,12.58,15,4.08,4.29,41.55,43.5,0.35,0.33,D
2.66,0.61,0.92,0.96,0.67,0.33,1.08,0.67,1,0.71,1.33,0.67,1.15,0.42,1.46,1.38,1.67,2.67,1.38,1.25,11.84,10,3.82,3.08,12.95,14.24,4.57,4.73,51.53,43.53,0.35,0.38,D
10.06,1.05,2.71,0.83,2,1.33,2.83,0.58,2.92,0.79,3,1.33,3.5,0.58,0.75,1.29,2,1,0.75,1.33,17.13,9.95,6.82,3,6.11,13.58,2.26,4.24,71.74,40.32,0.49,0.44,H
1.52,1.65,0.96,1.08,1,0.33,1.42,1.08,1.04,1.38,0.67,1,1.25,1.42,2.08,1.83,1.33,2.33,1.67,1.58,10.11,11.58,3.47,3.57,15.24,10.87,5.76,4.21,41,49.74,0.36,0.27,D
8.34,8.55,1.88,2.21,1.67,3,2.08,2,1.96,2.04,2,2,2.17,1.83,0.92,0.67,0.67,0,0.75,0.92,16.39,13.47,5.66,4.68,9.37,11.47,3.29,3.97,62.13,54.63,0.38,0.37,H
1.65,8.74,1.08,2,0.67,1.33,1.08,2,1.32,1.8,0.67,1.33,1.33,2,1.76,0.76,1.33,1,2.08,0.75,11.58,15.95,3.57,5.79,10.87,9.92,4.21,3.22,49.74,55.71,0.27,0.37,H
2.15,1.76,1.04,0.96,1.33,0.67,1.33,0.92,0.92,0.92,1,1,1.25,1,1.52,1.4,1.67,1.67,1.5,1.67,12.46,11.87,3.84,3.92,12.43,12.58,4.73,4.08,45,41.55,0.54,0.35,D
8.99,8.34,2,1.92,2,2.33,2.17,1.67,2.28,1.96,2.33,2.33,2.08,1.75,1.16,0.88,1.33,0.33,0.58,1.08,16.79,16.39,6.13,5.66,7.42,9.37,2.86,3.29,60.76,62.13,0.36,0.38,D
0.82,10.06,1.4,2.72,0.33,2,1.42,2.58,0.8,2.92,0.33,3,0.67,2.33,0.88,0.72,1,1.67,0.75,0.75,9.95,17.13,3.46,6.82,15,6.11,4.29,2.26,43.5,71.74,0.33,0.49,D
1.64,1.52,1.12,0.96,2.33,1.33,1.25,0.5,1.12,1,2,0.67,1.33,0.83,1.44,2,0.67,1,1.5,2.5,12.24,10.11,4.16,3.47,14.42,15.24,4.66,5.76,48.08,41,0.38,0.36,H
0.61,2.86,0.96,1.08,0.33,1.67,1.25,0.85,0.72,1.24,0.33,2,1,1.31,1.36,1.72,2.33,1,1.5,2,10,9.79,3.08,3.5,14.24,14.82,4.73,5,43.53,44.68,0.38,0.45,H
3.33,1.47,1.36,0.92,1.33,2.33,1.67,0.75,1.48,0.72,1,1.67,1.5,0.67,1.36,1.44,0.67,0.67,1.17,1.5,11.27,8.89,4,2.86,12.81,14.18,4.3,5.03,47.78,45.05,0.27,0.26,D
8.55,0.51,2.12,0.96,2,0,2.42,0.67,1.96,0.76,1.33,0.33,2.25,0.67,0.72,1.76,0.67,3,0.42,2.08,13.47,9.53,4.68,2.87,11.47,11.55,3.97,4.32,54.63,45.74,0.37,0.4,H
1.05,2.66,0.8,0.92,1.33,1,1.08,0.73,0.76,1,1,1.33,1,0.82,1.36,1.44,1.33,1.33,1.25,1.55,9.95,11.84,3,3.82,13.58,12.95,4.24,4.57,40.32,51.53,0.44,0.35,A
5.59,4.35,1.68,1.24,1,1.33,2.42,0.67,1.84,1.12,2,1,2.58,0.67,1.36,1.6,2,2,1.08,1.92,15.63,9.45,6.32,3.27,11.13,14.24,3.92,4.84,61.84,45.5,0.37,0.37,H
8.74,1.05,1.92,0.77,1,0.33,2,0.54,1.77,0.81,1.67,1,1.62,0.54,0.88,1.42,2.33,2.33,0.77,1.46,15.95,9.95,5.79,3,9.92,13.58,3.22,4.24,55.71,40.32,0.37,0.44,H
0.51,1.64,0.92,1.19,0,2.33,1.23,1,0.73,1.15,0,2,0.85,0.92,1.77,1.42,2.33,0.67,1.46,1.38,9.53,12.24,2.87,4.16,11.55,14.42,4.32,4.66,45.74,48.08,0.4,0.38,H
1.76,8.55,0.96,2.15,0.67,2,1,1.85,0.92,1.96,1,1,0.85,1.69,1.38,0.69,1.67,0.67,1.15,1,11.87,13.47,3.92,4.68,12.58,11.47,4.08,3.97,41.55,54.63,0.35,0.37,H
2.66,8.99,1,1.96,1.67,1.33,1.07,1.85,1.08,2.27,1.67,1.67,1.14,2.46,1.46,1.19,1.33,1,1.36,1.69,11.84,16.79,3.82,6.13,12.95,7.42,4.57,2.86,51.53,60.76,0.35,0.36,A
8.34,5.59,1.88,1.73,1.67,2,2.15,1,1.96,1.96,1.67,3.33,2.15,1.15,0.92,1.35,1,1.67,0.69,1.62,16.39,15.63,5.66,6.32,9.37,11.13,3.29,3.92,62.13,61.84,0.38,0.37,H
4.35,2.15,1.19,1.04,1.33,0.67,1.77,0.77,1.12,0.92,1.33,1,1.54,0.62,1.73,1.5,2.33,2,1.31,1.54,9.45,12.46,3.27,3.84,14.24,12.43,4.84,4.73,45.5,45,0.37,0.54,H
1.52,0.61,0.92,1.04,1.33,1.33,1.38,0.69,1,0.81,1,1.33,1.15,0.46,2,1.35,0.67,2,1.54,1.23,10.11,10,3.47,3.08,15.24,14.24,5.76,4.73,41,43.53,0.36,0.38,D
1.47,0.82,0.92,1.38,2.33,0.67,1.08,1.38,0.73,0.81,1.67,0.67,0.77,0.92,1.42,0.88,0.67,1,1.38,1,8.89,9.95,2.86,3.46,14.18,15,5.03,4.29,45.05,43.5,0.26,0.33,H
2.86,1.65,1.04,1.15,0.67,1.33,1.33,1.08,1.23,1.42,1,1.33,1.17,1.31,1.77,1.73,1.67,1,1.42,1.46,9.79,11.58,3.5,3.57,14.82,10.87,5,4.21,44.68,49.74,0.45,0.27,H
10.06,3.33,2.65,1.35,2.33,1.33,2.85,1.08,2.85,1.46,2.33,1.33,3.46,1.46,0.73,1.35,0.67,1,0.69,1.54,17.13,11.27,6.82,4,6.11,12.81,2.26,4.3,71.74,47.78,0.49,0.27,H
2.15,8.34,1,1.93,0.67,2.33,1.31,1.62,0.93,1.93,1,1.67,1.23,1.77,1.56,0.89,1.67,0.67,1.46,1.15,12.46,16.39,3.84,5.66,12.43,9.37,4.73,3.29,45,62.13,0.54,0.38,A
8.55,8.74,2.07,1.96,1,1,2.46,1.85,1.89,1.81,0.67,1.33,2.23,1.92,0.7,0.85,1,2.33,0.38,1,13.47,15.95,4.68,5.79,11.47,9.92,3.97,3.22,54.63,55.71,0.37,0.37,H
3.33,1.52,1.3,0.93,0.33,0.67,1.62,0.46,1.44,1,1,0.67,1.46,0.85,1.48,1.96,2.67,1,1.15,2.46,11.27,10.11,4,3.47,12.81,15.24,4.3,5.76,47.78,41,0.27,0.36,D
1.64,1.76,1.15,1.04,2,1.67,1.38,0.92,1.15,0.93,2,1,1.38,1,1.52,1.33,1.67,0.67,1.46,1.62,12.24,11.87,4.16,3.92,14.42,12.58,4.66,4.08,48.08,41.55,0.38,0.35,D
0.61,1.47,1.04,1,1.67,2.33,1.38,0.77,0.81,0.74,1.67,1.67,1.15,0.69,1.33,1.37,1,0.67,1.46,1.46,10,8.89,3.08,2.86,14.24,14.18,4.73,5.03,43.53,45.05,0.38,0.26,H
0.82,2.66,1.33,0.96,0.67,1.33,1.38,0.92,0.78,1.04,0.67,1.33,0.69,1,0.89,1.48,1,1.67,0.77,1.58,9.95,11.84,3.46,3.82,15,12.95,4.29,4.57,43.5,51.53,0.33,0.35,D
8.99,2.86,2,1.11,2.33,1.33,2.08,0.79,2.26,1.26,2.33,1.33,2.08,1.29,1.15,1.7,0.67,1.33,0.69,2.07,16.79,9.79,6.13,3.5,7.42,14.82,2.86,5,60.76,44.68,0.36,0.45,H
1.05,0.51,0.74,1,0,1,1,0.62,0.78,0.85,0.67,1.33,1.08,0.62,1.48,1.74,3,2,1.38,2.08,9.95,9.53,3,2.87,13.58,11.55,4.24,4.32,40.32,45.74,0.44,0.4,A
1.65,4.35,1.11,1.26,1.33,2,1.23,0.62,1.37,1.19,1.33,2,1.54,0.69,1.74,1.7,1,2.33,2,2.15,11.58,9.45,3.57,3.27,10.87,14.24,4.21,4.84,49.74,45.5,0.27,0.37,H
5.59,10.06,1.67,2.67,1,2.33,2.46,2.46,1.89,2.93,2,3,2.77,2.23,1.33,0.74,1.67,0.67,1.08,0.77,15.63,17.13,6.32,6.82,11.13,6.11,3.92,2.26,61.84,71.74,0.37,0.49,A
2.15,8.55,0.96,2.11,0.33,2,1.21,1.71,0.89,1.89,0.67,1.33,1.14,1.57,1.54,0.71,1.67,0.67,1.43,1,12.46,13.47,3.84,4.68,12.43,11.47,4.73,3.97,45,54.63,0.54,0.37,A
0.61,5.59,1.11,1.61,2.33,1,1.5,0.93,0.93,1.82,2.67,1.67,1.36,1.07,1.32,1.39,1,1.67,1.43,1.57,10,15.63,3.08,6.32,14.24,11.13,4.73,3.92,43.53,61.84,0.38,0.37,H
10.06,8.74,2.68,1.89,2.33,1,2.86,1.71,2.93,1.79,3,1.67,3.57,1.86,0.71,0.89,0.67,2,0.71,1.07,17.13,15.95,6.82,5.79,6.11,9.92,2.26,3.22,71.74,55.71,0.49,0.37,H
0.82,4.35,1.32,1.21,0.67,1,1.36,0.57,0.79,1.14,0.67,1.33,0.71,0.64,0.89,1.68,1,2.33,0.79,2.07,9.95,9.45,3.46,3.27,15,14.24,4.29,4.84,43.5,45.5,0.33,0.37,H
3.33,1.64,1.29,1.14,0.67,1.33,1.57,0.93,1.43,1.18,1,1.67,1.43,0.93,1.46,1.54,2.33,2.33,1.14,1.57,11.27,12.24,4,4.16,12.81,14.42,4.3,4.66,47.78,48.08,0.27,0.38,D
2.66,1.52,0.96,0.93,1.33,0.67,1,0.5,1.04,1,1.33,1,1.07,0.86,1.46,1.93,1.67,1.33,1.4,2.36,11.84,10.11,3.82,3.47,12.95,15.24,4.57,5.76,51.53,41,0.35,0.36,D
1.47,2.86,0.96,1.07,1.33,1,1.21,0.73,0.75,1.25,1,1.33,0.79,1.27,1.46,1.79,1.67,2.33,1.29,2.2,8.89,9.79,2.86,3.5,14.18,14.82,5.03,5,45.05,44.68,0.26,0.45,H
8.34,0.51,1.96,1.07,2.33,2,2.21,0.79,1.89,0.89,1.33,2,2.07,0.71,0.86,1.71,0.67,1.33,0.64,2,16.39,9.53,5.66,2.87,9.37,11.55,3.29,4.32,62.13,45.74,0.38,0.4,H
1.65,1.05,1.18,0.71,2,0,1.36,0.5,1.36,0.79,1.67,1,1.5,0.5,1.68,1.5,1,2.67,1.86,1.57,11.58,9.95,3.57,3,10.87,13.58,4.21,4.24,49.74,40.32,0.27,0.44,H
8.99,1.76,2.04,1.04,2.33,1.67,2.14,0.93,2.32,0.96,2.67,1.33,2.21,1.07,1.14,1.36,1,1,0.71,1.64,16.79,11.87,6.13,3.92,7.42,12.58,2.86,4.08,60.76,41.55,0.36,0.35,H
1.52,10.06,0.93,2.69,1,3,1.36,2.5,0.97,2.86,0.67,3,1.14,2.29,1.86,0.69,0.67,0.33,1.5,0.71,10.11,17.13,3.47,6.82,15.24,6.11,5.76,2.26,41,71.74,0.36,0.49,A
5.59,1.65,1.55,1.24,0,2,2.29,1,1.79,1.34,0.33,0.67,2.57,1.21,1.41,1.62,2,0.67,1.21,1.5,15.63,11.58,6.32,3.57,11.13,10.87,3.92,4.21,61.84,49.74,0.37,0.27,H
1.64,8.34,1.14,2,0.67,3,1.36,1.71,1.17,1.9,1.33,1.33,1.43,1.71,1.52,0.83,2.33,0,1.5,1.07,12.24,16.39,4.16,5.66,14.42,9.37,4.66,3.29,48.08,62.13,0.38,0.38,A
8.55,8.99,2.14,2.07,2,3,2.5,1.93,1.93,2.31,1.67,2.67,2.21,2.43,0.76,1.1,1.33,0.33,0.43,1.57,13.47,16.79,4.68,6.13,11.47,7.42,3.97,2.86,54.63,60.76,0.37,0.36,H
4.35,0.61,1.17,1.17,1,2.33,1.86,0.71,1.14,0.97,1.33,2.33,1.64,0.5,1.69,1.31,1.33,1,1.29,1.21,9.45,10,3.27,3.08,14.24,14.24,4.84,4.73,45.5,43.53,0.37,0.38,H
0.51,1.47,1.03,1.03,2,2,1.36,0.71,0.86,0.86,2,2,1.07,0.71,1.72,1.45,1.33,1.67,1.43,1.64,9.53,8.89,2.87,2.86,11.55,14.18,4.32,5.03,45.74,45.05,0.4,0.26,D
1.76,2.66,1,0.97,1.33,0.67,1.14,0.92,0.93,1,1,0.33,0.86,1,1.38,1.41,1.33,1,1.07,1.54,11.87,11.84,3.92,3.82,12.58,12.95,4.08,4.57,41.55,51.53,0.35,0.35,H
1.05,3.33,0.69,1.28,0,0.67,0.93,1,0.76,1.41,0.33,1,1.07,1.43,1.48,1.45,2,2.33,1.43,1.79,9.95,11.27,3,4,13.58,12.81,4.24,4.3,40.32,47.78,0.44,0.27,A
2.86,0.82,1.03,1.38,1,1.33,1.46,1.29,1.24,0.83,1.33,1,1.23,0.86,1.86,0.9,2.67,1,1.31,1,9.79,9.95,3.5,3.46,14.82,15,5,4.29,44.68,43.5,0.45,0.33,A
8.74,2.15,1.83,0.93,1,0,2.07,0.71,1.72,0.93,1.33,1,1.71,0.64,0.9,1.59,1,2.33,0.71,1.64,15.95,12.46,5.79,3.84,9.92,12.43,3.22,4.73,55.71,45,0.37,0.54,H
1.64,1.05,1.1,0.67,0.67,0,1.27,0.47,1.17,0.77,1.33,0.67,1.4,0.47,1.6,1.57,2.33,2.33,1.67,1.53,12.24,9.95,4.16,3,14.42,13.58,4.66,4.24,48.08,40.32,0.38,0.44,H
0.51,2.15,1.03,0.9,1.33,0,1.33,0.67,0.83,0.93,0.67,1,1,0.67,1.67,1.6,1,2,1.33,1.67,9.53,12.46,2.87,3.84,11.55,12.43,4.32,4.73,45.74,45,0.4,0.54,A
1.52,4.35,0.9,1.23,0.67,1,1.27,0.53,0.93,1.17,0.33,1,1.07,0.67,1.87,1.63,1,1,1.53,2.07,10.11,9.45,3.47,3.27,15.24,14.24,5.76,4.84,41,45.5,0.36,0.37,A
8.99,1.65,2,1.2,2,2,2.2,0.93,2.27,1.3,2.33,0.67,2.2,1.13,1.13,1.67,1,1,0.67,1.6,16.79,11.58,6.13,3.57,7.42,10.87,2.86,4.21,60.76,49.74,0.36,0.27,H
5.59,1.52,1.6,0.87,1,0.33,2.33,0.53,1.83,0.94,1.33,0.33,2.6,0.8,1.37,1.87,1.67,1.33,1.13,2.2,15.63,10.11,6.32,3.47,11.13,15.24,3.92,5.76,61.84,41,0.37,0.36,H
8.74,8.34,1.87,2.03,1,3,2.13,1.8,1.73,1.97,1,2.33,1.73,1.87,0.9,0.83,1.33,0.33,0.73,1.07,15.95,16.39,5.79,5.66,9.92,9.37,3.22,3.29,55.71,62.13,0.37,0.38,A
2.15,8.99,0.97,2.03,1,2,1.13,1.8,0.97,2.35,1.67,2.67,1.2,2.33,1.55,1.1,1.67,0.67,1.53,1.6,12.46,16.79,3.84,6.13,12.43,7.42,4.73,2.86,45,60.76,0.54,0.36,A
0.61,3.33,1.13,1.33,2,1.67,1.6,1.13,0.93,1.5,2,2,1.4,1.6,1.33,1.43,1.33,1,1.4,1.73,10,11.27,3.08,4,14.24,12.81,4.73,4.3,43.53,47.78,0.38,0.27,A
8.55,1.47,2.17,1.03,3,1.33,2.53,0.73,1.93,0.83,2.33,1.67,2.2,0.67,0.77,1.4,1.33,1.67,0.47,1.53,13.47,8.89,4.68,2.86,11.47,14.18,3.97,5.03,54.63,45.05,0.37,0.26,H
1.76,0.51,1.07,1,1.33,0.33,1.27,0.73,1,0.81,1.67,0,1,0.67,1.33,1.68,1.33,1.33,1,2,11.87,9.53,3.92,2.87,12.58,11.55,4.08,4.32,41.55,45.74,0.35,0.4,H
1.65,1.64,1.16,1.16,1,1.33,1.47,0.93,1.26,1.19,0.33,1.33,1.47,0.93,1.77,1.58,2.67,2,1.73,1.53,11.58,12.24,3.57,4.16,10.87,14.42,4.21,4.66,49.74,48.08,0.27,0.38,D
1.05,0.82,0.65,1.43,0,2.33,0.87,1.4,0.77,0.9,0.67,2,1.07,1,1.58,0.87,2.33,0.67,1.6,0.93,9.95,9.95,3,3.46,13.58,15,4.24,4.29,40.32,43.5,0.44,0.33,A
2.86,2.66,1,0.93,0,0.67,1.36,0.86,1.2,0.97,0.67,0.33,1.14,0.93,1.9,1.47,3.67,1.33,1.43,1.64,9.79,11.84,3.5,3.82,14.82,12.95,5,4.57,44.68,51.53,0.45,0.35,H
4.35,10.06,1.29,2.7,2,3,1.93,2.53,1.19,2.83,1.67,2,1.67,2.27,1.61,0.67,1,0,1.2,0.67,9.45,17.13,3.27,6.82,14.24,6.11,4.84,2.26,45.5,71.74,0.37,0.49,A
5.59,2.66,1.65,0.9,2,0.33,2.38,0.8,1.87,0.94,2.33,0,2.62,0.87,1.32,1.52,0.67,2,1.06,1.73,15.63,11.84,6.32,3.82,11.13,12.95,3.92,4.57,61.84,51.53,0.37,0.35,H
8.74,2.86,1.81,1.06,1,1,2,0.69,1.71,1.26,1,1.33,1.69,1.25,0.97,1.84,1.67,2.33,0.88,2.31,15.95,9.79,5.79,3.5,9.92,14.82,3.22,5,55.71,44.68,0.37,0.45,D
4.35,8.99,1.25,2.06,2,2,1.81,1.88,1.19,2.34,1.67,2.67,1.62,2.31,1.66,1.09,1.33,1,1.31,1.56,9.45,16.79,3.27,6.13,14.24,7.42,4.84,2.86,45.5,60.76,0.37,0.36,D
1.64,2.15,1.16,0.94,1.33,1,1.38,0.81,1.22,0.97,1.67,1.33,1.44,0.75,1.59,1.56,2.33,1.33,1.62,1.56,12.24,12.46,4.16,3.84,14.42,12.43,4.66,4.73,48.08,45,0.38,0.54,D
0.61,0.51,1.1,0.97,1,0.33,1.5,0.69,0.9,0.78,0.67,0,1.31,0.62,1.35,1.66,1.67,1,1.44,1.94,10,9.53,3.08,2.87,14.24,11.55,4.73,4.32,43.53,45.74,0.38,0.4,D
3.33,1.76,1.39,1.13,2.33,2,1.53,0.87,1.52,1,2.33,1.33,1.4,1,1.39,1.29,0.67,0.67,1.13,1.67,11.27,11.87,4,3.92,12.81,12.58,4.3,4.08,47.78,41.55,0.27,0.35,A
1.52,8.34,0.84,2.06,0,3,1.19,1.88,0.91,2,0.33,3,1.06,1.94,1.91,0.84,2.33,0.67,1.56,1.06,10.11,16.39,3.47,5.66,15.24,9.37,5.76,3.29,41,62.13,0.36,0.38,A
1.65,0.82,1.16,1.48,0.33,3,1.44,1.5,1.28,0.94,0.67,2.33,1.5,1.06,1.78,0.87,3.33,0.67,1.75,0.94,11.58,9.95,3.57,3.46,10.87,15,4.21,4.29,49.74,43.5,0.27,0.33,A
1.05,1.47,0.62,1,0,1.33,0.81,0.69,0.78,0.81,1,1.33,1.06,0.62,1.59,1.42,2.67,1,1.62,1.56,9.95,8.89,3,2.86,13.58,14.18,4.24,5.03,40.32,45.05,0.44,0.26,D
10.06,8.55,2.71,2.19,3,3,2.87,1.8,2.84,1.94,2,2.33,3.4,1.67,0.68,0.74,0.33,1,0.67,1.07,17.13,13.47,6.82,4.68,6.11,11.47,2.26,3.97,71.74,54.63,0.49,0.37,A
2.86,1.52,1.06,0.82,1.33,0,1.47,0.5,1.25,0.91,1.33,0.67,1.27,0.75,1.81,1.91,1.33,2.33,1.33,2.25,9.79,10.11,3.5,3.47,14.82,15.24,5,5.76,44.68,41,0.45,0.36,D
3.33,2.66,1.3,0.85,1,0,1.44,0.75,1.48,1,1.33,1.33,1.38,0.94,1.42,1.61,1.33,3,1.19,1.81,11.27,11.84,4,3.82,12.81,12.95,4.3,4.57,47.78,51.53,0.27,0.35,D
0.82,8.74,1.58,1.82,3,1.33,1.56,1.69,1,1.73,2,1.67,0.88,1.81,0.88,1,1,2,0.81,1.12,9.95,15.95,3.46,5.79,15,9.92,4.29,3.22,43.5,55.71,0.33,0.37,A
5.59,2.86,1.64,1.06,2,1.67,2.41,0.71,1.88,1.24,2.33,1.67,2.65,1.24,1.36,1.79,1.33,0.67,1.12,2.24,15.63,9.79,6.32,3.5,11.13,14.82,3.92,5,61.84,44.68,0.37,0.45,H
10.06,1.47,2.64,1,2,0.67,2.69,0.71,2.82,0.82,2.67,0.67,3.31,0.65,0.76,1.39,1.67,1.33,0.81,1.53,17.13,8.89,6.82,2.86,6.11,14.18,2.26,5.03,71.74,45.05,0.49,0.26,H
0.61,8.34,1.06,2.03,0.33,2,1.47,1.94,0.94,1.97,1,2,1.29,1.94,1.39,0.91,2,1.67,1.41,1.06,10,16.39,3.08,5.66,14.24,9.37,4.73,3.29,43.53,62.13,0.38,0.38,D
1.76,5.59,1.19,1.69,3,3,1.38,0.87,1.03,1.91,2,3,1,1.07,1.28,1.34,0.33,0.67,0.94,1.6,11.87,15.63,3.92,6.32,12.58,11.13,4.08,3.92,41.55,61.84,0.35,0.37,H
8.55,1.05,2.22,0.64,3,0.33,2.56,0.44,1.97,0.79,2.33,1,2.19,0.5,0.78,1.58,1,1.67,0.44,1.56,13.47,9.95,4.68,3,11.47,13.58,3.97,4.24,54.63,40.32,0.37,0.44,A
2.66,8.74,0.88,1.78,0,1.33,1,1.6,0.97,1.69,0.67,1.33,1,1.73,1.56,0.97,3,1.67,1.31,1.07,11.84,15.95,3.82,5.79,12.95,9.92,4.57,3.22,51.53,55.71,0.35,0.37,A
0.82,3.33,1.53,1.34,3,2,1.47,1.25,0.97,1.5,2.33,2.33,0.8,1.62,0.88,1.41,0.67,1,0.8,1.62,9.95,11.27,3.46,4,15,12.81,4.29,4.3,43.5,47.78,0.33,0.27,H
2.15,0.61,0.94,1.09,1.33,0.33,1.06,0.67,1,0.91,1.67,0.33,1.19,0.47,1.58,1.34,1.33,1.67,1.56,1.27,12.46,10,3.84,3.08,12.43,14.24,4.73,4.73,45,43.53,0.54,0.38,H
0.51,1.65,0.97,1.12,0.33,0.33,1.25,0.88,0.79,1.27,0.33,1,0.94,1.06,1.64,1.79,1.33,3,1.38,1.81,9.53,11.58,2.87,3.57,11.55,10.87,4.32,4.21,45.74,49.74,0.4,0.27,H
1.47,4.35,1,1.24,0.67,1.33,1.33,0.69,0.81,1.15,0.33,1,1,0.75,1.41,1.61,1,1.33,1.27,2,8.89,9.45,2.86,3.27,14.18,14.24,5.03,4.84,45.05,45.5,0.26,0.37,D
8.99,1.64,2.03,1.15,2.33,1.67,2.25,0.94,2.27,1.24,2.33,2,2.38,1,1.06,1.61,0.33,1.67,0.62,1.56,16.79,12.24,6.13,4.16,7.42,14.42,2.86,4.66,60.76,48.08,0.36,0.38,H
8.34,10.06,2.09,2.62,3,2,2.27,2.56,2,2.81,3,2.33,2.07,2.31,0.84,0.75,1,1.33,0.6,0.69,16.39,17.13,5.66,6.82,9.37,6.11,3.29,2.26,62.13,71.74,0.38,0.49,A
